,event_timestamp,country_code,country_name,city_code,city_name,zip_code,lat,lon,cam_id,cam_name,people,storage_blob
0,2024-04-14 01:14:20.216944+00:00,MX,Mexico,MX-CMX,Mexico City,9460.0,19.36487,-99.13421,1.0,cafe calaverita,1,MX/cafe calaverita/2023-04-25 19:14:19.855876-06:00_frame.jpg
1,2024-04-14 01:32:41.359175+00:00,MX,Mexico,MX-CMX,Mexico City,9460.0,19.36487,-99.13421,1.0,cafe calaverita,6,MX/cafe calaverita/2023-04-25 19:32:40.960336-06:00_frame.jpg
2,2024-04-14 02:11:06.906063+00:00,MX,Mexico,MX-CMX,Mexico City,9460.0,19.36487,-99.13421,1.0,cafe calaverita,3,MX/cafe calaverita/2023-04-25 20:11:06.500929-06:00_frame.jpg
3,2024-04-14 02:45:35.383399+00:00,MX,Mexico,MX-CMX,Mexico City,9460.0,19.36487,-99.13421,1.0,cafe calaverita,3,MX/cafe calaverita/2023-04-25 20:45:35.015142-06:00_frame.jpg
4,2024-04-14 03:19:58.561536+00:00,MX,Mexico,MX-CMX,Mexico City,9460.0,19.36487,-99.13421,1.0,cafe calaverita,2,MX/cafe calaverita/2023-04-25 21:19:58.183452-06:00_frame.jpg
5,2024-04-14 03:54:06.324483+00:00,MX,Mexico,MX-CMX,Mexico City,9460.0,19.36487,-99.13421,1.0,cafe calaverita,3,MX/cafe calaverita/2023-04-25 21:54:05.939653-06:00_frame.jpg
6,2024-04-14 14:26:53.490732+00:00,MX,Mexico,MX-CMX,Mexico City,9460.0,19.36487,-99.13421,1.0,cafe calaverita,1,MX/cafe calaverita/2023-04-26 08:26:53.161995-06:00_frame.jpg
7,2024-04-14 15:01:12.962243+00:00,MX,Mexico,MX-CMX,Mexico City,9460.0,19.36487,-99.13421,1.0,cafe calaverita,3,MX/cafe calaverita/2023-04-26 09:01:12.574345-06:00_frame.jpg
8,2024-04-14 15:34:49.344206+00:00,MX,Mexico,MX-CMX,Mexico City,9460.0,19.36487,-99.13421,1.0,cafe calaverita,0,MX/cafe calaverita/2023-04-26 09:34:49.025785-06:00_frame.jpg
9,2024-04-14 16:09:02.089489+00:00,MX,Mexico,MX-CMX,Mexico City,9460.0,19.36487,-99.13421,1.0,cafe calaverita,2,MX/cafe calaverita/2023-04-26 10:09:01.747281-06:00_frame.jpg
10,2024-04-14 16:42:46.047151+00:00,MX,Mexico,MX-CMX,Mexico City,9460.0,19.36487,-99.13421,1.0,cafe calaverita,2,MX/cafe calaverita/2023-04-26 10:42:45.710550-06:00_frame.jpg
11,2024-04-14 17:16:43.641869+00:00,MX,Mexico,MX-CMX,Mexico City,9460.0,19.36487,-99.13421,1.0,cafe calaverita,2,MX/cafe calaverita/2023-04-26 11:16:43.311096-06:00_frame.jpg
12,2024-04-14 17:50:41.662144+00:00,MX,Mexico,MX-CMX,Mexico City,9460.0,19.36487,-99.13421,1.0,cafe calaverita,2,MX/cafe calaverita/2023-04-26 11:50:41.193239-06:00_frame.jpg
13,2024-04-14 18:24:36.255594+00:00,MX,Mexico,MX-CMX,Mexico City,9460.0,19.36487,-99.13421,1.0,cafe calaverita,1,MX/cafe calaverita/2023-04-26 12:24:35.941182-06:00_frame.jpg
14,2024-04-14 18:58:57.227847+00:00,MX,Mexico,MX-CMX,Mexico City,9460.0,19.36487,-99.13421,1.0,cafe calaverita,3,MX/cafe calaverita/2023-04-26 12:58:56.866903-06:00_frame.jpg
15,2024-04-14 19:33:47.250958+00:00,MX,Mexico,MX-CMX,Mexico City,9460.0,19.36487,-99.13421,1.0,cafe calaverita,6,MX/cafe calaverita/2023-04-26 13:33:46.863265-06:00_frame.jpg
16,2024-04-14 20:07:46.020269+00:00,MX,Mexico,MX-CMX,Mexico City,9460.0,19.36487,-99.13421,1.0,cafe calaverita,5,MX/cafe calaverita/2023-04-26 14:07:45.728939-06:00_frame.jpg
17,2024-04-14 20:42:12.913329+00:00,MX,Mexico,MX-CMX,Mexico City,9460.0,19.36487,-99.13421,1.0,cafe calaverita,1,MX/cafe calaverita/2023-04-26 14:42:12.561827-06:00_frame.jpg
18,2024-04-14 21:16:34.465547+00:00,MX,Mexico,MX-CMX,Mexico City,9460.0,19.36487,-99.13421,1.0,cafe calaverita,2,MX/cafe calaverita/2023-04-26 15:16:34.066182-06:00_frame.jpg
19,2024-04-14 21:49:45.001097+00:00,MX,Mexico,MX-CMX,Mexico City,9460.0,19.36487,-99.13421,1.0,cafe calaverita,2,MX/cafe calaverita/2023-04-26 15:49:44.617524-06:00_frame.jpg
20,2024-04-14 22:23:50.893407+00:00,MX,Mexico,MX-CMX,Mexico City,9460.0,19.36487,-99.13421,1.0,cafe calaverita,2,MX/cafe calaverita/2023-04-26 16:23:50.550529-06:00_frame.jpg
21,2024-04-14 22:57:28.835345+00:00,MX,Mexico,MX-CMX,Mexico City,9460.0,19.36487,-99.13421,1.0,cafe calaverita,1,MX/cafe calaverita/2023-04-26 16:57:28.491174-06:00_frame.jpg
22,2024-04-14 23:31:23.678972+00:00,MX,Mexico,MX-CMX,Mexico City,9460.0,19.36487,-99.13421,1.0,cafe calaverita,2,MX/cafe calaverita/2023-04-26 17:31:23.287314-06:00_frame.jpg
23,2024-04-15 00:05:30.134007+00:00,MX,Mexico,MX-CMX,Mexico City,9460.0,19.36487,-99.13421,1.0,cafe calaverita,3,MX/cafe calaverita/2023-04-26 18:05:29.761533-06:00_frame.jpg
24,2024-04-15 00:39:49.287086+00:00,MX,Mexico,MX-CMX,Mexico City,9460.0,19.36487,-99.13421,1.0,cafe calaverita,4,MX/cafe calaverita/2023-04-26 18:39:48.942534-06:00_frame.jpg
25,2024-04-15 01:13:52.640495+00:00,MX,Mexico,MX-CMX,Mexico City,9460.0,19.36487,-99.13421,1.0,cafe calaverita,1,MX/cafe calaverita/2023-04-26 19:13:52.322567-06:00_frame.jpg
26,2024-04-15 01:47:52.132451+00:00,MX,Mexico,MX-CMX,Mexico City,9460.0,19.36487,-99.13421,1.0,cafe calaverita,4,MX/cafe calaverita/2023-04-26 19:47:51.711353-06:00_frame.jpg
27,2024-04-15 02:21:43.314864+00:00,MX,Mexico,MX-CMX,Mexico City,9460.0,19.36487,-99.13421,1.0,cafe calaverita,4,MX/cafe calaverita/2023-04-26 20:21:42.985745-06:00_frame.jpg
28,2024-04-15 02:55:55.637099+00:00,MX,Mexico,MX-CMX,Mexico City,9460.0,19.36487,-99.13421,1.0,cafe calaverita,4,MX/cafe calaverita/2023-04-26 20:55:55.261195-06:00_frame.jpg
29,2024-04-15 03:30:08.083501+00:00,MX,Mexico,MX-CMX,Mexico City,9460.0,19.36487,-99.13421,1.0,cafe calaverita,1,MX/cafe calaverita/2023-04-26 21:30:07.743185-06:00_frame.jpg
30,2024-04-15 14:26:32.756241+00:00,MX,Mexico,MX-CMX,Mexico City,9460.0,19.36487,-99.13421,1.0,cafe calaverita,1,MX/cafe calaverita/2023-04-27 08:26:32.431119-06:00_frame.jpg
31,2024-04-15 15:00:43.667140+00:00,MX,Mexico,MX-CMX,Mexico City,9460.0,19.36487,-99.13421,1.0,cafe calaverita,1,MX/cafe calaverita/2023-04-27 09:00:43.297244-06:00_frame.jpg
32,2024-04-15 15:35:03.616180+00:00,MX,Mexico,MX-CMX,Mexico City,9460.0,19.36487,-99.13421,1.0,cafe calaverita,1,MX/cafe calaverita/2023-04-27 09:35:03.271271-06:00_frame.jpg
33,2024-04-15 16:08:53.150351+00:00,MX,Mexico,MX-CMX,Mexico City,9460.0,19.36487,-99.13421,1.0,cafe calaverita,4,MX/cafe calaverita/2023-04-27 10:08:52.810190-06:00_frame.jpg
34,2024-04-15 16:43:22.119021+00:00,MX,Mexico,MX-CMX,Mexico City,9460.0,19.36487,-99.13421,1.0,cafe calaverita,2,MX/cafe calaverita/2023-04-27 10:43:21.787213-06:00_frame.jpg
35,2024-04-15 17:18:03.916491+00:00,MX,Mexico,MX-CMX,Mexico City,9460.0,19.36487,-99.13421,1.0,cafe calaverita,2,MX/cafe calaverita/2023-04-27 11:18:03.563584-06:00_frame.jpg
36,2024-04-15 17:52:07.714518+00:00,MX,Mexico,MX-CMX,Mexico City,9460.0,19.36487,-99.13421,1.0,cafe calaverita,0,MX/cafe calaverita/2023-04-27 11:52:07.358198-06:00_frame.jpg
37,2024-04-15 18:26:14.814228+00:00,MX,Mexico,MX-CMX,Mexico City,9460.0,19.36487,-99.13421,1.0,cafe calaverita,1,MX/cafe calaverita/2023-04-27 12:26:14.473165-06:00_frame.jpg
38,2024-04-15 19:00:34.681496+00:00,MX,Mexico,MX-CMX,Mexico City,9460.0,19.36487,-99.13421,1.0,cafe calaverita,2,MX/cafe calaverita/2023-04-27 13:00:34.342906-06:00_frame.jpg
39,2024-04-15 19:34:14.346579+00:00,MX,Mexico,MX-CMX,Mexico City,9460.0,19.36487,-99.13421,1.0,cafe calaverita,3,MX/cafe calaverita/2023-04-27 13:34:13.964635-06:00_frame.jpg
40,2024-04-15 20:08:53.992362+00:00,MX,Mexico,MX-CMX,Mexico City,9460.0,19.36487,-99.13421,1.0,cafe calaverita,2,MX/cafe calaverita/2023-04-27 14:08:53.581705-06:00_frame.jpg
41,2024-04-15 20:42:44.255921+00:00,MX,Mexico,MX-CMX,Mexico City,9460.0,19.36487,-99.13421,1.0,cafe calaverita,3,MX/cafe calaverita/2023-04-27 14:42:43.950413-06:00_frame.jpg
42,2024-04-15 21:16:45.429560+00:00,MX,Mexico,MX-CMX,Mexico City,9460.0,19.36487,-99.13421,1.0,cafe calaverita,5,MX/cafe calaverita/2023-04-27 15:16:45.094564-06:00_frame.jpg
43,2024-04-15 21:50:41.631688+00:00,MX,Mexico,MX-CMX,Mexico City,9460.0,19.36487,-99.13421,1.0,cafe calaverita,2,MX/cafe calaverita/2023-04-27 15:50:41.332852-06:00_frame.jpg
44,2024-04-15 22:25:05.125046+00:00,MX,Mexico,MX-CMX,Mexico City,9460.0,19.36487,-99.13421,1.0,cafe calaverita,0,MX/cafe calaverita/2023-04-27 16:25:04.816651-06:00_frame.jpg
45,2024-04-15 22:59:16.220574+00:00,MX,Mexico,MX-CMX,Mexico City,9460.0,19.36487,-99.13421,1.0,cafe calaverita,2,MX/cafe calaverita/2023-04-27 16:59:15.895107-06:00_frame.jpg
46,2024-04-15 23:33:44.397285+00:00,MX,Mexico,MX-CMX,Mexico City,9460.0,19.36487,-99.13421,1.0,cafe calaverita,1,MX/cafe calaverita/2023-04-27 17:33:44.050216-06:00_frame.jpg
47,2024-04-16 00:08:30.867155+00:00,MX,Mexico,MX-CMX,Mexico City,9460.0,19.36487,-99.13421,1.0,cafe calaverita,2,MX/cafe calaverita/2023-04-27 18:08:30.546069-06:00_frame.jpg
48,2024-04-16 00:43:11.581633+00:00,MX,Mexico,MX-CMX,Mexico City,9460.0,19.36487,-99.13421,1.0,cafe calaverita,2,MX/cafe calaverita/2023-04-27 18:43:11.237229-06:00_frame.jpg
49,2024-04-16 01:16:58.090882+00:00,MX,Mexico,MX-CMX,Mexico City,9460.0,19.36487,-99.13421,1.0,cafe calaverita,0,MX/cafe calaverita/2023-04-27 19:16:57.750475-06:00_frame.jpg
50,2024-04-16 01:51:28.472967+00:00,MX,Mexico,MX-CMX,Mexico City,9460.0,19.36487,-99.13421,1.0,cafe calaverita,6,MX/cafe calaverita/2023-04-27 19:51:28.158129-06:00_frame.jpg
51,2024-04-16 02:25:48.657935+00:00,MX,Mexico,MX-CMX,Mexico City,9460.0,19.36487,-99.13421,1.0,cafe calaverita,4,MX/cafe calaverita/2023-04-27 20:25:48.295183-06:00_frame.jpg
52,2024-04-16 02:59:52.511128+00:00,MX,Mexico,MX-CMX,Mexico City,9460.0,19.36487,-99.13421,1.0,cafe calaverita,3,MX/cafe calaverita/2023-04-27 20:59:52.215328-06:00_frame.jpg
53,2024-04-16 03:33:35.772995+00:00,MX,Mexico,MX-CMX,Mexico City,9460.0,19.36487,-99.13421,1.0,cafe calaverita,2,MX/cafe calaverita/2023-04-27 21:33:35.438552-06:00_frame.jpg
54,2024-04-16 14:00:25.918380+00:00,MX,Mexico,MX-CMX,Mexico City,9460.0,19.36487,-99.13421,1.0,cafe calaverita,1,MX/cafe calaverita/2023-04-28 08:00:25.578819-06:00_frame.jpg
55,2024-04-16 14:33:52.372944+00:00,MX,Mexico,MX-CMX,Mexico City,9460.0,19.36487,-99.13421,1.0,cafe calaverita,3,MX/cafe calaverita/2023-04-28 08:33:52.031100-06:00_frame.jpg
56,2024-04-16 15:07:50.024935+00:00,MX,Mexico,MX-CMX,Mexico City,9460.0,19.36487,-99.13421,1.0,cafe calaverita,1,MX/cafe calaverita/2023-04-28 09:07:49.686003-06:00_frame.jpg
57,2024-04-16 15:42:03.677754+00:00,MX,Mexico,MX-CMX,Mexico City,9460.0,19.36487,-99.13421,1.0,cafe calaverita,1,MX/cafe calaverita/2023-04-28 09:42:03.306596-06:00_frame.jpg
58,2024-04-16 16:15:53.456872+00:00,MX,Mexico,MX-CMX,Mexico City,9460.0,19.36487,-99.13421,1.0,cafe calaverita,2,MX/cafe calaverita/2023-04-28 10:15:53.132686-06:00_frame.jpg
59,2024-04-16 16:50:41.641693+00:00,MX,Mexico,MX-CMX,Mexico City,9460.0,19.36487,-99.13421,1.0,cafe calaverita,5,MX/cafe calaverita/2023-04-28 10:50:41.289376-06:00_frame.jpg
60,2024-04-16 17:25:01.845788+00:00,MX,Mexico,MX-CMX,Mexico City,9460.0,19.36487,-99.13421,1.0,cafe calaverita,5,MX/cafe calaverita/2023-04-28 11:25:01.454096-06:00_frame.jpg
61,2024-04-16 17:59:32.251663+00:00,MX,Mexico,MX-CMX,Mexico City,9460.0,19.36487,-99.13421,1.0,cafe calaverita,5,MX/cafe calaverita/2023-04-28 11:59:31.915460-06:00_frame.jpg
62,2024-04-16 18:33:22.181881+00:00,MX,Mexico,MX-CMX,Mexico City,9460.0,19.36487,-99.13421,1.0,cafe calaverita,4,MX/cafe calaverita/2023-04-28 12:33:21.865762-06:00_frame.jpg
63,2024-04-16 19:06:48.914294+00:00,MX,Mexico,MX-CMX,Mexico City,9460.0,19.36487,-99.13421,1.0,cafe calaverita,3,MX/cafe calaverita/2023-04-28 13:06:48.575490-06:00_frame.jpg
64,2024-04-16 19:41:03.382338+00:00,MX,Mexico,MX-CMX,Mexico City,9460.0,19.36487,-99.13421,1.0,cafe calaverita,4,MX/cafe calaverita/2023-04-28 13:41:03.080863-06:00_frame.jpg
65,2024-04-16 20:15:33.950306+00:00,MX,Mexico,MX-CMX,Mexico City,9460.0,19.36487,-99.13421,1.0,cafe calaverita,3,MX/cafe calaverita/2023-04-28 14:15:33.624548-06:00_frame.jpg
66,2024-04-16 20:49:30.302721+00:00,MX,Mexico,MX-CMX,Mexico City,9460.0,19.36487,-99.13421,1.0,cafe calaverita,2,MX/cafe calaverita/2023-04-28 14:49:29.964480-06:00_frame.jpg
67,2024-04-16 21:23:23.103249+00:00,MX,Mexico,MX-CMX,Mexico City,9460.0,19.36487,-99.13421,1.0,cafe calaverita,6,MX/cafe calaverita/2023-04-28 15:23:22.795995-06:00_frame.jpg
68,2024-04-16 21:57:23.388603+00:00,MX,Mexico,MX-CMX,Mexico City,9460.0,19.36487,-99.13421,1.0,cafe calaverita,5,MX/cafe calaverita/2023-04-28 15:57:23.055327-06:00_frame.jpg
69,2024-04-16 22:31:33.189847+00:00,MX,Mexico,MX-CMX,Mexico City,9460.0,19.36487,-99.13421,1.0,cafe calaverita,7,MX/cafe calaverita/2023-04-28 16:31:32.893051-06:00_frame.jpg
70,2024-04-16 23:05:32.728040+00:00,MX,Mexico,MX-CMX,Mexico City,9460.0,19.36487,-99.13421,1.0,cafe calaverita,6,MX/cafe calaverita/2023-04-28 17:05:32.407287-06:00_frame.jpg
71,2024-04-16 23:39:16.978293+00:00,MX,Mexico,MX-CMX,Mexico City,9460.0,19.36487,-99.13421,1.0,cafe calaverita,2,MX/cafe calaverita/2023-04-28 17:39:16.649612-06:00_frame.jpg
72,2024-04-17 00:13:38.688981+00:00,MX,Mexico,MX-CMX,Mexico City,9460.0,19.36487,-99.13421,1.0,cafe calaverita,6,MX/cafe calaverita/2023-04-28 18:13:38.352865-06:00_frame.jpg
73,2024-04-17 00:47:37.941869+00:00,MX,Mexico,MX-CMX,Mexico City,9460.0,19.36487,-99.13421,1.0,cafe calaverita,3,MX/cafe calaverita/2023-04-28 18:47:37.525797-06:00_frame.jpg
74,2024-04-17 01:21:30.263754+00:00,MX,Mexico,MX-CMX,Mexico City,9460.0,19.36487,-99.13421,1.0,cafe calaverita,4,MX/cafe calaverita/2023-04-28 19:21:29.964176-06:00_frame.jpg
75,2024-04-17 01:56:01.221839+00:00,MX,Mexico,MX-CMX,Mexico City,9460.0,19.36487,-99.13421,1.0,cafe calaverita,3,MX/cafe calaverita/2023-04-28 19:56:00.907391-06:00_frame.jpg
76,2024-04-17 02:30:44.788145+00:00,MX,Mexico,MX-CMX,Mexico City,9460.0,19.36487,-99.13421,1.0,cafe calaverita,4,MX/cafe calaverita/2023-04-28 20:30:44.459545-06:00_frame.jpg
77,2024-04-17 03:04:38.594621+00:00,MX,Mexico,MX-CMX,Mexico City,9460.0,19.36487,-99.13421,1.0,cafe calaverita,5,MX/cafe calaverita/2023-04-28 21:04:38.269372-06:00_frame.jpg
78,2024-04-17 03:38:27.356426+00:00,MX,Mexico,MX-CMX,Mexico City,9460.0,19.36487,-99.13421,1.0,cafe calaverita,2,MX/cafe calaverita/2023-04-28 21:38:27.053735-06:00_frame.jpg
79,2024-04-17 14:15:33.585536+00:00,MX,Mexico,MX-CMX,Mexico City,9460.0,19.36487,-99.13421,1.0,cafe calaverita,1,MX/cafe calaverita/2023-04-29 08:15:33.277230-06:00_frame.jpg
80,2024-04-17 14:52:28.103550+00:00,MX,Mexico,MX-CMX,Mexico City,9460.0,19.36487,-99.13421,1.0,cafe calaverita,1,MX/cafe calaverita/2023-04-29 08:52:27.812951-06:00_frame.jpg
81,2024-04-17 15:26:37.334983+00:00,MX,Mexico,MX-CMX,Mexico City,9460.0,19.36487,-99.13421,1.0,cafe calaverita,0,MX/cafe calaverita/2023-04-29 09:26:37.027977-06:00_frame.jpg
82,2024-04-17 16:00:57.770153+00:00,MX,Mexico,MX-CMX,Mexico City,9460.0,19.36487,-99.13421,1.0,cafe calaverita,6,MX/cafe calaverita/2023-04-29 10:00:57.421167-06:00_frame.jpg
83,2024-04-17 16:35:08.872742+00:00,MX,Mexico,MX-CMX,Mexico City,9460.0,19.36487,-99.13421,1.0,cafe calaverita,3,MX/cafe calaverita/2023-04-29 10:35:08.547254-06:00_frame.jpg
84,2024-04-17 17:10:01.662751+00:00,MX,Mexico,MX-CMX,Mexico City,9460.0,19.36487,-99.13421,1.0,cafe calaverita,5,MX/cafe calaverita/2023-04-29 11:10:01.238651-06:00_frame.jpg
85,2024-04-17 17:44:25.828172+00:00,MX,Mexico,MX-CMX,Mexico City,9460.0,19.36487,-99.13421,1.0,cafe calaverita,1,MX/cafe calaverita/2023-04-29 11:44:25.508182-06:00_frame.jpg
86,2024-04-17 18:19:16.955421+00:00,MX,Mexico,MX-CMX,Mexico City,9460.0,19.36487,-99.13421,1.0,cafe calaverita,3,MX/cafe calaverita/2023-04-29 12:19:16.642962-06:00_frame.jpg
87,2024-04-17 18:52:46.410731+00:00,MX,Mexico,MX-CMX,Mexico City,9460.0,19.36487,-99.13421,1.0,cafe calaverita,8,MX/cafe calaverita/2023-04-29 12:52:46.121766-06:00_frame.jpg
88,2024-04-17 19:26:42.630257+00:00,MX,Mexico,MX-CMX,Mexico City,9460.0,19.36487,-99.13421,1.0,cafe calaverita,3,MX/cafe calaverita/2023-04-29 13:26:42.247344-06:00_frame.jpg
89,2024-04-17 20:00:47.316046+00:00,MX,Mexico,MX-CMX,Mexico City,9460.0,19.36487,-99.13421,1.0,cafe calaverita,3,MX/cafe calaverita/2023-04-29 14:00:46.990901-06:00_frame.jpg
90,2024-04-17 20:34:49.134189+00:00,MX,Mexico,MX-CMX,Mexico City,9460.0,19.36487,-99.13421,1.0,cafe calaverita,1,MX/cafe calaverita/2023-04-29 14:34:48.840192-06:00_frame.jpg
91,2024-04-17 21:09:00.425533+00:00,MX,Mexico,MX-CMX,Mexico City,9460.0,19.36487,-99.13421,1.0,cafe calaverita,5,MX/cafe calaverita/2023-04-29 15:09:00.122937-06:00_frame.jpg
92,2024-04-17 21:42:55.534048+00:00,MX,Mexico,MX-CMX,Mexico City,9460.0,19.36487,-99.13421,1.0,cafe calaverita,1,MX/cafe calaverita/2023-04-29 15:42:55.210384-06:00_frame.jpg
93,2024-04-17 22:17:03.670954+00:00,MX,Mexico,MX-CMX,Mexico City,9460.0,19.36487,-99.13421,1.0,cafe calaverita,2,MX/cafe calaverita/2023-04-29 16:17:03.355520-06:00_frame.jpg
94,2024-04-17 22:51:04.683363+00:00,MX,Mexico,MX-CMX,Mexico City,9460.0,19.36487,-99.13421,1.0,cafe calaverita,1,MX/cafe calaverita/2023-04-29 16:51:04.354464-06:00_frame.jpg
95,2024-04-17 23:24:41.577779+00:00,MX,Mexico,MX-CMX,Mexico City,9460.0,19.36487,-99.13421,1.0,cafe calaverita,1,MX/cafe calaverita/2023-04-29 17:24:41.236703-06:00_frame.jpg
96,2024-04-17 23:58:50.006113+00:00,MX,Mexico,MX-CMX,Mexico City,9460.0,19.36487,-99.13421,1.0,cafe calaverita,1,MX/cafe calaverita/2023-04-29 17:58:49.651334-06:00_frame.jpg
97,2024-04-18 00:33:01.998363+00:00,MX,Mexico,MX-CMX,Mexico City,9460.0,19.36487,-99.13421,1.0,cafe calaverita,1,MX/cafe calaverita/2023-04-29 18:33:01.696508-06:00_frame.jpg
98,2024-04-18 01:06:56.565540+00:00,MX,Mexico,MX-CMX,Mexico City,9460.0,19.36487,-99.13421,1.0,cafe calaverita,1,MX/cafe calaverita/2023-04-29 19:06:56.262063-06:00_frame.jpg
99,2024-04-18 01:41:14.746437+00:00,MX,Mexico,MX-CMX,Mexico City,9460.0,19.36487,-99.13421,1.0,cafe calaverita,4,MX/cafe calaverita/2023-04-29 19:41:13.036374-06:00_frame.jpg
100,2024-04-18 02:15:45.983687+00:00,MX,Mexico,MX-CMX,Mexico City,9460.0,19.36487,-99.13421,1.0,cafe calaverita,5,MX/cafe calaverita/2023-04-29 20:15:45.551525-06:00_frame.jpg
101,2024-04-18 02:49:57.631279+00:00,MX,Mexico,MX-CMX,Mexico City,9460.0,19.36487,-99.13421,1.0,cafe calaverita,1,MX/cafe calaverita/2023-04-29 20:49:57.293816-06:00_frame.jpg
102,2024-04-18 03:23:59.830547+00:00,MX,Mexico,MX-CMX,Mexico City,9460.0,19.36487,-99.13421,1.0,cafe calaverita,1,MX/cafe calaverita/2023-04-29 21:23:59.476784-06:00_frame.jpg
103,2024-04-18 14:32:02.713707+00:00,MX,Mexico,MX-CMX,Mexico City,9460.0,19.36487,-99.13421,1.0,cafe calaverita,0,MX/cafe calaverita/2023-04-30 08:32:02.403081-06:00_frame.jpg
104,2024-04-18 15:06:17.513534+00:00,MX,Mexico,MX-CMX,Mexico City,9460.0,19.36487,-99.13421,1.0,cafe calaverita,1,MX/cafe calaverita/2023-04-30 09:06:17.227227-06:00_frame.jpg
105,2024-04-18 15:40:05.691767+00:00,MX,Mexico,MX-CMX,Mexico City,9460.0,19.36487,-99.13421,1.0,cafe calaverita,2,MX/cafe calaverita/2023-04-30 09:40:05.356683-06:00_frame.jpg
106,2024-04-18 16:14:23.387830+00:00,MX,Mexico,MX-CMX,Mexico City,9460.0,19.36487,-99.13421,1.0,cafe calaverita,1,MX/cafe calaverita/2023-04-30 10:14:23.052464-06:00_frame.jpg
107,2024-04-18 16:48:47.692415+00:00,MX,Mexico,MX-CMX,Mexico City,9460.0,19.36487,-99.13421,1.0,cafe calaverita,1,MX/cafe calaverita/2023-04-30 10:48:47.394964-06:00_frame.jpg
108,2024-04-18 17:22:33.381631+00:00,MX,Mexico,MX-CMX,Mexico City,9460.0,19.36487,-99.13421,1.0,cafe calaverita,1,MX/cafe calaverita/2023-04-30 11:22:33.096970-06:00_frame.jpg
109,2024-04-18 17:56:52.346949+00:00,MX,Mexico,MX-CMX,Mexico City,9460.0,19.36487,-99.13421,1.0,cafe calaverita,2,MX/cafe calaverita/2023-04-30 11:56:52.039599-06:00_frame.jpg
110,2024-04-18 18:30:47.188123+00:00,MX,Mexico,MX-CMX,Mexico City,9460.0,19.36487,-99.13421,1.0,cafe calaverita,2,MX/cafe calaverita/2023-04-30 12:30:46.882613-06:00_frame.jpg
111,2024-04-18 19:04:34.866614+00:00,MX,Mexico,MX-CMX,Mexico City,9460.0,19.36487,-99.13421,1.0,cafe calaverita,3,MX/cafe calaverita/2023-04-30 13:04:34.567223-06:00_frame.jpg
112,2024-04-18 19:38:21.819217+00:00,MX,Mexico,MX-CMX,Mexico City,9460.0,19.36487,-99.13421,1.0,cafe calaverita,4,MX/cafe calaverita/2023-04-30 13:38:21.520714-06:00_frame.jpg
113,2024-04-18 20:12:09.297631+00:00,MX,Mexico,MX-CMX,Mexico City,9460.0,19.36487,-99.13421,1.0,cafe calaverita,2,MX/cafe calaverita/2023-04-30 14:12:09.006985-06:00_frame.jpg
114,2024-04-18 20:45:49.706575+00:00,MX,Mexico,MX-CMX,Mexico City,9460.0,19.36487,-99.13421,1.0,cafe calaverita,1,MX/cafe calaverita/2023-04-30 14:45:49.412203-06:00_frame.jpg
115,2024-04-18 21:19:49.927150+00:00,MX,Mexico,MX-CMX,Mexico City,9460.0,19.36487,-99.13421,1.0,cafe calaverita,2,MX/cafe calaverita/2023-04-30 15:19:49.656292-06:00_frame.jpg
116,2024-04-18 21:53:38.247297+00:00,MX,Mexico,MX-CMX,Mexico City,9460.0,19.36487,-99.13421,1.0,cafe calaverita,2,MX/cafe calaverita/2023-04-30 15:53:37.902027-06:00_frame.jpg
117,2024-04-18 22:27:24.715429+00:00,MX,Mexico,MX-CMX,Mexico City,9460.0,19.36487,-99.13421,1.0,cafe calaverita,1,MX/cafe calaverita/2023-04-30 16:27:24.402081-06:00_frame.jpg
118,2024-04-18 23:01:11.940522+00:00,MX,Mexico,MX-CMX,Mexico City,9460.0,19.36487,-99.13421,1.0,cafe calaverita,3,MX/cafe calaverita/2023-04-30 17:01:11.624871-06:00_frame.jpg
119,2024-04-18 23:34:41.170378+00:00,MX,Mexico,MX-CMX,Mexico City,9460.0,19.36487,-99.13421,1.0,cafe calaverita,4,MX/cafe calaverita/2023-04-30 17:34:40.873634-06:00_frame.jpg
120,2024-04-19 00:08:35.254238+00:00,MX,Mexico,MX-CMX,Mexico City,9460.0,19.36487,-99.13421,1.0,cafe calaverita,8,MX/cafe calaverita/2023-04-30 18:08:34.914416-06:00_frame.jpg
121,2024-04-19 00:42:39.468268+00:00,MX,Mexico,MX-CMX,Mexico City,9460.0,19.36487,-99.13421,1.0,cafe calaverita,1,MX/cafe calaverita/2023-04-30 18:42:39.165410-06:00_frame.jpg
122,2024-04-19 01:16:44.201358+00:00,MX,Mexico,MX-CMX,Mexico City,9460.0,19.36487,-99.13421,1.0,cafe calaverita,2,MX/cafe calaverita/2023-04-30 19:16:43.856524-06:00_frame.jpg
123,2024-04-19 01:51:17.309597+00:00,MX,Mexico,MX-CMX,Mexico City,9460.0,19.36487,-99.13421,1.0,cafe calaverita,1,MX/cafe calaverita/2023-04-30 19:51:17.016634-06:00_frame.jpg
124,2024-04-19 16:04:18.815366+00:00,MX,Mexico,MX-CMX,Mexico City,9460.0,19.36487,-99.13421,1.0,cafe calaverita,0,MX/cafe calaverita/2023-05-01 10:04:18.430073-06:00_frame.jpg
125,2024-04-19 16:38:34.386778+00:00,MX,Mexico,MX-CMX,Mexico City,9460.0,19.36487,-99.13421,1.0,cafe calaverita,0,MX/cafe calaverita/2023-05-01 10:38:34.068587-06:00_frame.jpg
126,2024-04-19 17:12:32.938238+00:00,MX,Mexico,MX-CMX,Mexico City,9460.0,19.36487,-99.13421,1.0,cafe calaverita,2,MX/cafe calaverita/2023-05-01 11:12:32.572203-06:00_frame.jpg
127,2024-04-19 17:46:23.923574+00:00,MX,Mexico,MX-CMX,Mexico City,9460.0,19.36487,-99.13421,1.0,cafe calaverita,0,MX/cafe calaverita/2023-05-01 11:46:23.608952-06:00_frame.jpg
128,2024-04-19 18:20:11.281871+00:00,MX,Mexico,MX-CMX,Mexico City,9460.0,19.36487,-99.13421,1.0,cafe calaverita,4,MX/cafe calaverita/2023-05-01 12:20:10.939438-06:00_frame.jpg
129,2024-04-19 18:53:57.611653+00:00,MX,Mexico,MX-CMX,Mexico City,9460.0,19.36487,-99.13421,1.0,cafe calaverita,4,MX/cafe calaverita/2023-05-01 12:53:57.233753-06:00_frame.jpg
130,2024-04-19 19:27:30.454273+00:00,MX,Mexico,MX-CMX,Mexico City,9460.0,19.36487,-99.13421,1.0,cafe calaverita,3,MX/cafe calaverita/2023-05-01 13:27:30.062583-06:00_frame.jpg
131,2024-04-19 20:01:56.608662+00:00,MX,Mexico,MX-CMX,Mexico City,9460.0,19.36487,-99.13421,1.0,cafe calaverita,5,MX/cafe calaverita/2023-05-01 14:01:56.240330-06:00_frame.jpg
132,2024-04-19 20:35:30.679787+00:00,MX,Mexico,MX-CMX,Mexico City,9460.0,19.36487,-99.13421,1.0,cafe calaverita,2,MX/cafe calaverita/2023-05-01 14:35:30.324806-06:00_frame.jpg
133,2024-04-19 21:09:09.372821+00:00,MX,Mexico,MX-CMX,Mexico City,9460.0,19.36487,-99.13421,1.0,cafe calaverita,5,MX/cafe calaverita/2023-05-01 15:09:09.000854-06:00_frame.jpg
134,2024-04-19 21:43:08.774154+00:00,MX,Mexico,MX-CMX,Mexico City,9460.0,19.36487,-99.13421,1.0,cafe calaverita,5,MX/cafe calaverita/2023-05-01 15:43:08.396988-06:00_frame.jpg
135,2024-04-19 22:17:17.823692+00:00,MX,Mexico,MX-CMX,Mexico City,9460.0,19.36487,-99.13421,1.0,cafe calaverita,5,MX/cafe calaverita/2023-05-01 16:17:17.512523-06:00_frame.jpg
136,2024-04-19 22:51:08.843424+00:00,MX,Mexico,MX-CMX,Mexico City,9460.0,19.36487,-99.13421,1.0,cafe calaverita,10,MX/cafe calaverita/2023-05-01 16:51:08.487690-06:00_frame.jpg
137,2024-04-19 23:25:28.811687+00:00,MX,Mexico,MX-CMX,Mexico City,9460.0,19.36487,-99.13421,1.0,cafe calaverita,5,MX/cafe calaverita/2023-05-01 17:25:28.430583-06:00_frame.jpg
138,2024-04-19 23:59:17.271730+00:00,MX,Mexico,MX-CMX,Mexico City,9460.0,19.36487,-99.13421,1.0,cafe calaverita,7,MX/cafe calaverita/2023-05-01 17:59:16.934340-06:00_frame.jpg
139,2024-04-20 00:33:18.785617+00:00,MX,Mexico,MX-CMX,Mexico City,9460.0,19.36487,-99.13421,1.0,cafe calaverita,4,MX/cafe calaverita/2023-05-01 18:33:18.460752-06:00_frame.jpg
140,2024-04-20 01:06:43.259549+00:00,MX,Mexico,MX-CMX,Mexico City,9460.0,19.36487,-99.13421,1.0,cafe calaverita,1,MX/cafe calaverita/2023-05-01 19:06:42.918624-06:00_frame.jpg
141,2024-04-20 01:40:49.133405+00:00,MX,Mexico,MX-CMX,Mexico City,9460.0,19.36487,-99.13421,1.0,cafe calaverita,2,MX/cafe calaverita/2023-05-01 19:40:48.803311-06:00_frame.jpg
142,2024-04-20 02:14:59.996945+00:00,MX,Mexico,MX-CMX,Mexico City,9460.0,19.36487,-99.13421,1.0,cafe calaverita,2,MX/cafe calaverita/2023-05-01 20:14:59.618144-06:00_frame.jpg
143,2024-04-20 02:48:54.012930+00:00,MX,Mexico,MX-CMX,Mexico City,9460.0,19.36487,-99.13421,1.0,cafe calaverita,3,MX/cafe calaverita/2023-05-01 20:48:53.649536-06:00_frame.jpg
144,2024-04-22 01:45:43.531592+00:00,MX,Mexico,MX-CMX,Mexico City,9460.0,19.36487,-99.13421,1.0,cafe calaverita,2,MX/cafe calaverita/2023-05-03 19:45:43.195789-06:00_frame.jpg
145,2024-04-22 14:00:19.680133+00:00,MX,Mexico,MX-CMX,Mexico City,9460.0,19.36487,-99.13421,1.0,cafe calaverita,1,MX/cafe calaverita/2023-05-04 08:00:19.330381-06:00_frame.jpg
146,2024-04-22 16:05:48.891963+00:00,MX,Mexico,MX-CMX,Mexico City,9460.0,19.36487,-99.13421,1.0,cafe calaverita,2,MX/cafe calaverita/2023-05-04 10:05:48.491328-06:00_frame.jpg
147,2024-04-22 18:03:33.657640+00:00,MX,Mexico,MX-CMX,Mexico City,9460.0,19.36487,-99.13421,1.0,cafe calaverita,1,MX/cafe calaverita/2023-05-04 12:03:33.294114-06:00_frame.jpg
148,2024-04-22 19:58:55.412026+00:00,MX,Mexico,MX-CMX,Mexico City,9460.0,19.36487,-99.13421,1.0,cafe calaverita,2,MX/cafe calaverita/2023-05-04 13:58:55.084420-06:00_frame.jpg
149,2024-04-22 22:12:35.009419+00:00,MX,Mexico,MX-CMX,Mexico City,9460.0,19.36487,-99.13421,1.0,cafe calaverita,0,MX/cafe calaverita/2023-05-04 16:12:34.661404-06:00_frame.jpg
150,2024-04-23 00:17:59.052802+00:00,MX,Mexico,MX-CMX,Mexico City,9460.0,19.36487,-99.13421,1.0,cafe calaverita,6,MX/cafe calaverita/2023-05-04 18:17:58.620899-06:00_frame.jpg
151,2024-04-23 01:54:59.764921+00:00,MX,Mexico,MX-CMX,Mexico City,9460.0,19.36487,-99.13421,1.0,cafe calaverita,7,MX/cafe calaverita/2023-05-04 19:54:59.461371-06:00_frame.jpg
152,2024-04-23 02:29:01.039128+00:00,MX,Mexico,MX-CMX,Mexico City,9460.0,19.36487,-99.13421,1.0,cafe calaverita,4,MX/cafe calaverita/2023-05-04 20:29:00.645222-06:00_frame.jpg
153,2024-04-23 03:03:07.112099+00:00,MX,Mexico,MX-CMX,Mexico City,9460.0,19.36487,-99.13421,1.0,cafe calaverita,3,MX/cafe calaverita/2023-05-04 21:03:06.772084-06:00_frame.jpg
154,2024-04-23 03:37:32.800136+00:00,MX,Mexico,MX-CMX,Mexico City,9460.0,19.36487,-99.13421,1.0,cafe calaverita,1,MX/cafe calaverita/2023-05-04 21:37:32.432682-06:00_frame.jpg
155,2024-04-23 14:15:02.029241+00:00,MX,Mexico,MX-CMX,Mexico City,9460.0,19.36487,-99.13421,1.0,cafe calaverita,2,MX/cafe calaverita/2023-05-05 08:15:01.718181-06:00_frame.jpg
156,2024-04-23 14:48:46.248331+00:00,MX,Mexico,MX-CMX,Mexico City,9460.0,19.36487,-99.13421,1.0,cafe calaverita,3,MX/cafe calaverita/2023-05-05 08:48:45.911886-06:00_frame.jpg
157,2024-04-23 15:23:01.384330+00:00,MX,Mexico,MX-CMX,Mexico City,9460.0,19.36487,-99.13421,1.0,cafe calaverita,1,MX/cafe calaverita/2023-05-05 09:23:01.056255-06:00_frame.jpg
158,2024-04-23 15:56:52.722968+00:00,MX,Mexico,MX-CMX,Mexico City,9460.0,19.36487,-99.13421,1.0,cafe calaverita,1,MX/cafe calaverita/2023-05-05 09:56:52.402546-06:00_frame.jpg
159,2024-04-23 16:30:53.984475+00:00,MX,Mexico,MX-CMX,Mexico City,9460.0,19.36487,-99.13421,1.0,cafe calaverita,4,MX/cafe calaverita/2023-05-05 10:30:53.590827-06:00_frame.jpg
160,2024-04-23 17:05:13.596817+00:00,MX,Mexico,MX-CMX,Mexico City,9460.0,19.36487,-99.13421,1.0,cafe calaverita,2,MX/cafe calaverita/2023-05-05 11:05:13.238248-06:00_frame.jpg
161,2024-04-23 17:38:51.954810+00:00,MX,Mexico,MX-CMX,Mexico City,9460.0,19.36487,-99.13421,1.0,cafe calaverita,3,MX/cafe calaverita/2023-05-05 11:38:51.553906-06:00_frame.jpg
162,2024-04-23 18:12:59.894626+00:00,MX,Mexico,MX-CMX,Mexico City,9460.0,19.36487,-99.13421,1.0,cafe calaverita,7,MX/cafe calaverita/2023-05-05 12:12:59.549870-06:00_frame.jpg
163,2024-04-23 18:47:44.914747+00:00,MX,Mexico,MX-CMX,Mexico City,9460.0,19.36487,-99.13421,1.0,cafe calaverita,8,MX/cafe calaverita/2023-05-05 12:47:44.543928-06:00_frame.jpg
164,2024-04-23 19:21:29.023511+00:00,MX,Mexico,MX-CMX,Mexico City,9460.0,19.36487,-99.13421,1.0,cafe calaverita,5,MX/cafe calaverita/2023-05-05 13:21:28.695794-06:00_frame.jpg
165,2024-04-23 19:55:48.844638+00:00,MX,Mexico,MX-CMX,Mexico City,9460.0,19.36487,-99.13421,1.0,cafe calaverita,3,MX/cafe calaverita/2023-05-05 13:55:48.470181-06:00_frame.jpg
166,2024-04-23 20:29:56.941696+00:00,MX,Mexico,MX-CMX,Mexico City,9460.0,19.36487,-99.13421,1.0,cafe calaverita,1,MX/cafe calaverita/2023-05-05 14:29:56.547069-06:00_frame.jpg
167,2024-04-23 21:04:06.360898+00:00,MX,Mexico,MX-CMX,Mexico City,9460.0,19.36487,-99.13421,1.0,cafe calaverita,2,MX/cafe calaverita/2023-05-05 15:04:05.945807-06:00_frame.jpg
168,2024-04-23 21:38:31.371234+00:00,MX,Mexico,MX-CMX,Mexico City,9460.0,19.36487,-99.13421,1.0,cafe calaverita,3,MX/cafe calaverita/2023-05-05 15:38:31.019879-06:00_frame.jpg
169,2024-04-23 22:13:41.793908+00:00,MX,Mexico,MX-CMX,Mexico City,9460.0,19.36487,-99.13421,1.0,cafe calaverita,7,MX/cafe calaverita/2023-05-05 16:13:41.445967-06:00_frame.jpg
170,2024-04-23 22:47:44.491064+00:00,MX,Mexico,MX-CMX,Mexico City,9460.0,19.36487,-99.13421,1.0,cafe calaverita,6,MX/cafe calaverita/2023-05-05 16:47:44.182521-06:00_frame.jpg
171,2024-04-23 23:23:07.953554+00:00,MX,Mexico,MX-CMX,Mexico City,9460.0,19.36487,-99.13421,1.0,cafe calaverita,4,MX/cafe calaverita/2023-05-05 17:23:07.624526-06:00_frame.jpg
172,2024-04-23 23:57:37.794788+00:00,MX,Mexico,MX-CMX,Mexico City,9460.0,19.36487,-99.13421,1.0,cafe calaverita,3,MX/cafe calaverita/2023-05-05 17:57:37.381746-06:00_frame.jpg
173,2024-04-24 00:31:42.981797+00:00,MX,Mexico,MX-CMX,Mexico City,9460.0,19.36487,-99.13421,1.0,cafe calaverita,2,MX/cafe calaverita/2023-05-05 18:31:42.542506-06:00_frame.jpg
174,2024-04-24 01:05:51.799211+00:00,MX,Mexico,MX-CMX,Mexico City,9460.0,19.36487,-99.13421,1.0,cafe calaverita,3,MX/cafe calaverita/2023-05-05 19:05:51.476785-06:00_frame.jpg
175,2024-04-24 01:39:53.948500+00:00,MX,Mexico,MX-CMX,Mexico City,9460.0,19.36487,-99.13421,1.0,cafe calaverita,3,MX/cafe calaverita/2023-05-05 19:39:53.552298-06:00_frame.jpg
176,2024-04-24 02:14:14.396584+00:00,MX,Mexico,MX-CMX,Mexico City,9460.0,19.36487,-99.13421,1.0,cafe calaverita,6,MX/cafe calaverita/2023-05-05 20:14:13.927834-06:00_frame.jpg
177,2024-04-24 02:48:41.100092+00:00,MX,Mexico,MX-CMX,Mexico City,9460.0,19.36487,-99.13421,1.0,cafe calaverita,8,MX/cafe calaverita/2023-05-05 20:48:40.688274-06:00_frame.jpg
178,2024-04-24 03:22:48.989549+00:00,MX,Mexico,MX-CMX,Mexico City,9460.0,19.36487,-99.13421,1.0,cafe calaverita,3,MX/cafe calaverita/2023-05-05 21:22:48.670302-06:00_frame.jpg
179,2024-04-24 03:56:29.613667+00:00,MX,Mexico,MX-CMX,Mexico City,9460.0,19.36487,-99.13421,1.0,cafe calaverita,6,MX/cafe calaverita/2023-05-05 21:56:29.205892-06:00_frame.jpg
180,2024-04-27 02:17:50.453334+00:00,MX,Mexico,MX-CMX,Mexico City,9460.0,19.36487,-99.13421,1.0,cafe calaverita,4,MX/cafe calaverita/2023-05-08 20:17:50.083790-06:00_frame.jpg
181,2024-04-27 02:42:02.445299+00:00,MX,Mexico,MX-CMX,Mexico City,9460.0,19.36487,-99.13421,1.0,cafe calaverita,8,MX/cafe calaverita/2023-05-08 20:42:02.091291-06:00_frame.jpg
182,2024-04-27 05:51:59.922020+00:00,MX,,,,,19.36487,-99.13421,,cafe calaverita,0,MX/cafe calaverita/2023-05-08 23:51:59.628827-06:00_frame.jpg
183,2024-04-27 06:04:02.111556+00:00,MX,,,,,19.36487,-99.13421,,cafe calaverita,0,MX/cafe calaverita/2023-05-09 00:04:01.815335-06:00_frame.jpg
184,2024-04-27 06:16:07.537896+00:00,MX,,,,,19.36487,-99.13421,,cafe calaverita,0,MX/cafe calaverita/2023-05-09 00:16:07.223553-06:00_frame.jpg
185,2024-04-27 06:28:14.434588+00:00,MX,,,,,19.36487,-99.13421,,cafe calaverita,0,MX/cafe calaverita/2023-05-09 00:28:14.164216-06:00_frame.jpg
186,2024-04-27 06:44:42.620706+00:00,MX,,,,,19.36487,-99.13421,,cafe calaverita,0,MX/cafe calaverita/2023-05-09 00:44:42.360685-06:00_frame.jpg
187,2024-04-27 06:53:43.135667+00:00,MX,,,,,19.36487,-99.13421,,cafe calaverita,0,MX/cafe calaverita/2023-05-09 00:53:42.879437-06:00_frame.jpg
188,2024-04-27 07:05:56.265592+00:00,MX,,,,,19.36487,-99.13421,,cafe calaverita,0,MX/cafe calaverita/2023-05-09 01:05:55.947900-06:00_frame.jpg
189,2024-04-27 07:12:22.035228+00:00,MX,,,,,19.36487,-99.13421,,cafe calaverita,0,MX/cafe calaverita/2023-05-09 01:12:22.035228-06:00_frame.jpg
190,2024-04-27 07:25:35.861210+00:00,MX,,,,,19.36487,-99.13421,,cafe calaverita,1,MX/cafe calaverita/2023-05-09 01:25:35.533487-06:00_frame.jpg
191,2024-04-27 07:39:32.413827+00:00,MX,,,,,19.36487,-99.13421,,cafe calaverita,0,MX/cafe calaverita/2023-05-09 01:39:32.118498-06:00_frame.jpg
192,2024-04-29 14:36:16.320380+00:00,MX,,,,,19.36487,-99.13421,,cafe calaverita,3,MX/cafe calaverita/2023-05-11 08:36:16.015926-06:00_frame.jpg
193,2024-04-29 14:48:19.959154+00:00,MX,,,,,19.36487,-99.13421,,cafe calaverita,3,MX/cafe calaverita/2023-05-11 08:48:19.660782-06:00_frame.jpg
194,2024-04-29 15:00:04.471651+00:00,MX,,,,,19.36487,-99.13421,,cafe calaverita,3,MX/cafe calaverita/2023-05-11 09:00:04.142400-06:00_frame.jpg
195,2024-04-29 15:10:38.563858+00:00,MX,,,,,19.36487,-99.13421,,cafe calaverita,3,MX/cafe calaverita/2023-05-11 09:10:38.234080-06:00_frame.jpg
196,2024-04-29 15:22:17.043668+00:00,MX,,,,,19.36487,-99.13421,,cafe calaverita,3,MX/cafe calaverita/2023-05-11 09:22:16.749417-06:00_frame.jpg
197,2024-04-29 15:33:56.614253+00:00,MX,,,,,19.36487,-99.13421,,cafe calaverita,4,MX/cafe calaverita/2023-05-11 09:33:56.337536-06:00_frame.jpg
198,2024-04-29 15:45:21.511918+00:00,MX,,,,,19.36487,-99.13421,,cafe calaverita,2,MX/cafe calaverita/2023-05-11 09:45:21.239733-06:00_frame.jpg
199,2024-04-29 15:57:01.633647+00:00,MX,,,,,19.36487,-99.13421,,cafe calaverita,2,MX/cafe calaverita/2023-05-11 09:57:01.346810-06:00_frame.jpg
200,2024-04-29 16:08:41.190818+00:00,MX,,,,,19.36487,-99.13421,,cafe calaverita,0,MX/cafe calaverita/2023-05-11 10:08:40.909367-06:00_frame.jpg
201,2024-04-29 16:19:37.996718+00:00,MX,,,,,19.36487,-99.13421,,cafe calaverita,1,MX/cafe calaverita/2023-05-11 10:19:37.694224-06:00_frame.jpg
202,2024-04-29 16:31:00.680053+00:00,MX,,,,,19.36487,-99.13421,,cafe calaverita,1,MX/cafe calaverita/2023-05-11 10:31:00.363285-06:00_frame.jpg
203,2024-04-29 16:42:21.831563+00:00,MX,,,,,19.36487,-99.13421,,cafe calaverita,1,MX/cafe calaverita/2023-05-11 10:42:21.518711-06:00_frame.jpg
204,2024-04-29 16:54:04.139517+00:00,MX,,,,,19.36487,-99.13421,,cafe calaverita,0,MX/cafe calaverita/2023-05-11 10:54:03.829282-06:00_frame.jpg
205,2024-04-29 17:05:40.405575+00:00,MX,,,,,19.36487,-99.13421,,cafe calaverita,0,MX/cafe calaverita/2023-05-11 11:05:40.117168-06:00_frame.jpg
206,2024-04-29 17:17:44.883901+00:00,MX,,,,,19.36487,-99.13421,,cafe calaverita,0,MX/cafe calaverita/2023-05-11 11:17:44.626588-06:00_frame.jpg
207,2024-04-29 17:29:22.212249+00:00,MX,,,,,19.36487,-99.13421,,cafe calaverita,0,MX/cafe calaverita/2023-05-11 11:29:21.913857-06:00_frame.jpg
208,2024-04-29 17:41:02.474029+00:00,MX,,,,,19.36487,-99.13421,,cafe calaverita,0,MX/cafe calaverita/2023-05-11 11:41:02.200431-06:00_frame.jpg
209,2024-04-29 17:53:01.940304+00:00,MX,,,,,19.36487,-99.13421,,cafe calaverita,0,MX/cafe calaverita/2023-05-11 11:53:01.616819-06:00_frame.jpg
210,2024-04-29 18:04:38.803597+00:00,MX,,,,,19.36487,-99.13421,,cafe calaverita,2,MX/cafe calaverita/2023-05-11 12:04:38.475448-06:00_frame.jpg
211,2024-04-29 18:16:35.872038+00:00,MX,,,,,19.36487,-99.13421,,cafe calaverita,2,MX/cafe calaverita/2023-05-11 12:16:35.577776-06:00_frame.jpg
212,2024-04-29 18:28:37.732516+00:00,MX,,,,,19.36487,-99.13421,,cafe calaverita,4,MX/cafe calaverita/2023-05-11 12:28:37.418736-06:00_frame.jpg
213,2024-04-29 18:40:39.594961+00:00,MX,,,,,19.36487,-99.13421,,cafe calaverita,2,MX/cafe calaverita/2023-05-11 12:40:39.310393-06:00_frame.jpg
214,2024-04-29 18:52:41.542150+00:00,MX,,,,,19.36487,-99.13421,,cafe calaverita,2,MX/cafe calaverita/2023-05-11 12:52:41.275385-06:00_frame.jpg
215,2024-04-29 19:04:40.263416+00:00,MX,,,,,19.36487,-99.13421,,cafe calaverita,3,MX/cafe calaverita/2023-05-11 13:04:39.904775-06:00_frame.jpg
216,2024-04-29 19:16:03.585049+00:00,MX,,,,,19.36487,-99.13421,,cafe calaverita,2,MX/cafe calaverita/2023-05-11 13:16:03.304635-06:00_frame.jpg
217,2024-04-29 19:27:45.022798+00:00,MX,,,,,19.36487,-99.13421,,cafe calaverita,5,MX/cafe calaverita/2023-05-11 13:27:44.646363-06:00_frame.jpg
218,2024-04-29 19:39:25.964879+00:00,MX,,,,,19.36487,-99.13421,,cafe calaverita,1,MX/cafe calaverita/2023-05-11 13:39:25.663304-06:00_frame.jpg
219,2024-04-29 19:51:30.393686+00:00,MX,,,,,19.36487,-99.13421,,cafe calaverita,1,MX/cafe calaverita/2023-05-11 13:51:30.070641-06:00_frame.jpg
220,2024-04-29 20:03:30.346844+00:00,MX,,,,,19.36487,-99.13421,,cafe calaverita,2,MX/cafe calaverita/2023-05-11 14:03:30.079821-06:00_frame.jpg
221,2024-04-29 20:15:32.095790+00:00,MX,,,,,19.36487,-99.13421,,cafe calaverita,2,MX/cafe calaverita/2023-05-11 14:15:31.818412-06:00_frame.jpg
222,2024-04-29 20:27:32.444005+00:00,MX,,,,,19.36487,-99.13421,,cafe calaverita,1,MX/cafe calaverita/2023-05-11 14:27:32.156170-06:00_frame.jpg
223,2024-04-29 20:38:47.483637+00:00,MX,,,,,19.36487,-99.13421,,cafe calaverita,1,MX/cafe calaverita/2023-05-11 14:38:47.183738-06:00_frame.jpg
224,2024-04-29 20:50:51.824758+00:00,MX,,,,,19.36487,-99.13421,,cafe calaverita,1,MX/cafe calaverita/2023-05-11 14:50:51.537789-06:00_frame.jpg
225,2024-04-29 21:02:52.911222+00:00,MX,,,,,19.36487,-99.13421,,cafe calaverita,1,MX/cafe calaverita/2023-05-11 15:02:52.627817-06:00_frame.jpg
226,2024-04-29 21:14:55.166997+00:00,MX,,,,,19.36487,-99.13421,,cafe calaverita,3,MX/cafe calaverita/2023-05-11 15:14:54.886577-06:00_frame.jpg
227,2024-04-29 21:26:31.720772+00:00,MX,,,,,19.36487,-99.13421,,cafe calaverita,3,MX/cafe calaverita/2023-05-11 15:26:31.435519-06:00_frame.jpg
228,2024-04-29 21:37:20.897798+00:00,MX,,,,,19.36487,-99.13421,,cafe calaverita,3,MX/cafe calaverita/2023-05-11 15:37:20.612519-06:00_frame.jpg
229,2024-04-29 21:49:25.294161+00:00,MX,,,,,19.36487,-99.13421,,cafe calaverita,5,MX/cafe calaverita/2023-05-11 15:49:24.946395-06:00_frame.jpg
230,2024-04-29 22:01:33.501976+00:00,MX,,,,,19.36487,-99.13421,,cafe calaverita,5,MX/cafe calaverita/2023-05-11 16:01:33.223799-06:00_frame.jpg
231,2024-04-29 22:13:31.586022+00:00,MX,,,,,19.36487,-99.13421,,cafe calaverita,3,MX/cafe calaverita/2023-05-11 16:13:31.315157-06:00_frame.jpg
232,2024-04-29 22:25:14.335564+00:00,MX,,,,,19.36487,-99.13421,,cafe calaverita,8,MX/cafe calaverita/2023-05-11 16:25:14.061551-06:00_frame.jpg
233,2024-04-29 22:37:25.232880+00:00,MX,,,,,19.36487,-99.13421,,cafe calaverita,8,MX/cafe calaverita/2023-05-11 16:37:24.940245-06:00_frame.jpg
234,2024-04-29 22:49:08.844266+00:00,MX,,,,,19.36487,-99.13421,,cafe calaverita,7,MX/cafe calaverita/2023-05-11 16:49:08.564430-06:00_frame.jpg
235,2024-04-29 22:59:37.256451+00:00,MX,,,,,19.36487,-99.13421,,cafe calaverita,6,MX/cafe calaverita/2023-05-11 16:59:36.945407-06:00_frame.jpg
236,2024-04-29 23:11:19.934919+00:00,MX,,,,,19.36487,-99.13421,,cafe calaverita,6,MX/cafe calaverita/2023-05-11 17:11:19.652345-06:00_frame.jpg
237,2024-04-29 23:23:22.193489+00:00,MX,,,,,19.36487,-99.13421,,cafe calaverita,5,MX/cafe calaverita/2023-05-11 17:23:21.896623-06:00_frame.jpg
238,2024-04-29 23:35:27.423933+00:00,MX,,,,,19.36487,-99.13421,,cafe calaverita,4,MX/cafe calaverita/2023-05-11 17:35:27.088236-06:00_frame.jpg
239,2024-04-29 23:46:55.267609+00:00,MX,,,,,19.36487,-99.13421,,cafe calaverita,5,MX/cafe calaverita/2023-05-11 17:46:54.960385-06:00_frame.jpg
240,2024-04-29 23:58:34.684513+00:00,MX,,,,,19.36487,-99.13421,,cafe calaverita,1,MX/cafe calaverita/2023-05-11 17:58:34.369441-06:00_frame.jpg
241,2024-04-30 00:10:44.995782+00:00,MX,,,,,19.36487,-99.13421,,cafe calaverita,1,MX/cafe calaverita/2023-05-11 18:10:44.640271-06:00_frame.jpg
242,2024-04-30 00:22:49.701713+00:00,MX,,,,,19.36487,-99.13421,,cafe calaverita,2,MX/cafe calaverita/2023-05-11 18:22:49.412741-06:00_frame.jpg
243,2024-04-30 00:34:54.405924+00:00,MX,,,,,19.36487,-99.13421,,cafe calaverita,1,MX/cafe calaverita/2023-05-11 18:34:54.140069-06:00_frame.jpg
244,2024-04-30 00:46:33.583358+00:00,MX,,,,,19.36487,-99.13421,,cafe calaverita,1,MX/cafe calaverita/2023-05-11 18:46:33.272776-06:00_frame.jpg
245,2024-04-30 00:57:51.659570+00:00,MX,,,,,19.36487,-99.13421,,cafe calaverita,3,MX/cafe calaverita/2023-05-11 18:57:51.379093-06:00_frame.jpg
246,2024-04-30 01:09:57.325048+00:00,MX,,,,,19.36487,-99.13421,,cafe calaverita,3,MX/cafe calaverita/2023-05-11 19:09:57.041302-06:00_frame.jpg
247,2024-04-30 01:22:02.483218+00:00,MX,,,,,19.36487,-99.13421,,cafe calaverita,1,MX/cafe calaverita/2023-05-11 19:22:02.172178-06:00_frame.jpg
248,2024-04-30 01:34:12.454984+00:00,MX,,,,,19.36487,-99.13421,,cafe calaverita,5,MX/cafe calaverita/2023-05-11 19:34:12.173248-06:00_frame.jpg
249,2024-04-30 01:46:16.653434+00:00,MX,,,,,19.36487,-99.13421,,cafe calaverita,5,MX/cafe calaverita/2023-05-11 19:46:16.361057-06:00_frame.jpg
250,2024-04-30 01:58:19.404533+00:00,MX,,,,,19.36487,-99.13421,,cafe calaverita,6,MX/cafe calaverita/2023-05-11 19:58:19.113099-06:00_frame.jpg
251,2024-04-30 02:10:22.373560+00:00,MX,,,,,19.36487,-99.13421,,cafe calaverita,9,MX/cafe calaverita/2023-05-11 20:10:22.102550-06:00_frame.jpg
252,2024-04-30 02:22:28.384196+00:00,MX,,,,,19.36487,-99.13421,,cafe calaverita,6,MX/cafe calaverita/2023-05-11 20:22:28.082623-06:00_frame.jpg
253,2024-04-30 02:34:32.183814+00:00,MX,,,,,19.36487,-99.13421,,cafe calaverita,6,MX/cafe calaverita/2023-05-11 20:34:31.900433-06:00_frame.jpg
254,2024-04-30 02:46:38.707914+00:00,MX,,,,,19.36487,-99.13421,,cafe calaverita,6,MX/cafe calaverita/2023-05-11 20:46:38.450918-06:00_frame.jpg
255,2024-04-30 02:58:47.565292+00:00,MX,,,,,19.36487,-99.13421,,cafe calaverita,3,MX/cafe calaverita/2023-05-11 20:58:47.254566-06:00_frame.jpg
256,2024-04-30 03:10:55.069997+00:00,MX,,,,,19.36487,-99.13421,,cafe calaverita,2,MX/cafe calaverita/2023-05-11 21:10:54.782202-06:00_frame.jpg
257,2024-04-30 03:22:34.513455+00:00,MX,,,,,19.36487,-99.13421,,cafe calaverita,1,MX/cafe calaverita/2023-05-11 21:22:34.228716-06:00_frame.jpg
258,2024-04-30 03:34:15.538854+00:00,MX,,,,,19.36487,-99.13421,,cafe calaverita,0,MX/cafe calaverita/2023-05-11 21:34:15.242425-06:00_frame.jpg
259,2024-04-30 03:45:51.681194+00:00,MX,,,,,19.36487,-99.13421,,cafe calaverita,0,MX/cafe calaverita/2023-05-11 21:45:51.681194-06:00_frame.jpg
260,2024-04-30 13:50:58.184640+00:00,MX,,,,,19.36487,-99.13421,,cafe calaverita,0,MX/cafe calaverita/2023-05-12 07:50:58.184640-06:00_frame.jpg
261,2024-04-30 14:00:55.993968+00:00,MX,,,,,19.36487,-99.13421,,cafe calaverita,0,MX/cafe calaverita/2023-05-12 08:00:55.677479-06:00_frame.jpg
262,2024-04-30 14:12:58.729530+00:00,MX,,,,,19.36487,-99.13421,,cafe calaverita,0,MX/cafe calaverita/2023-05-12 08:12:58.445613-06:00_frame.jpg
263,2024-04-30 14:25:01.607763+00:00,MX,,,,,19.36487,-99.13421,,cafe calaverita,1,MX/cafe calaverita/2023-05-12 08:25:01.290314-06:00_frame.jpg
264,2024-04-30 14:36:41.078572+00:00,MX,,,,,19.36487,-99.13421,,cafe calaverita,1,MX/cafe calaverita/2023-05-12 08:36:40.752624-06:00_frame.jpg
265,2024-04-30 14:48:26.477597+00:00,MX,,,,,19.36487,-99.13421,,cafe calaverita,1,MX/cafe calaverita/2023-05-12 08:48:26.150212-06:00_frame.jpg
266,2024-04-30 15:00:05.149156+00:00,MX,,,,,19.36487,-99.13421,,cafe calaverita,0,MX/cafe calaverita/2023-05-12 09:00:04.806333-06:00_frame.jpg
267,2024-04-30 15:11:47.765030+00:00,MX,,,,,19.36487,-99.13421,,cafe calaverita,1,MX/cafe calaverita/2023-05-12 09:11:47.462762-06:00_frame.jpg
268,2024-04-30 15:23:24.868170+00:00,MX,,,,,19.36487,-99.13421,,cafe calaverita,2,MX/cafe calaverita/2023-05-12 09:23:24.607422-06:00_frame.jpg
269,2024-04-30 15:35:04.940052+00:00,MX,,,,,19.36487,-99.13421,,cafe calaverita,0,MX/cafe calaverita/2023-05-12 09:35:04.682101-06:00_frame.jpg
270,2024-04-30 15:46:42.236809+00:00,MX,,,,,19.36487,-99.13421,,cafe calaverita,0,MX/cafe calaverita/2023-05-12 09:46:41.933605-06:00_frame.jpg
271,2024-04-30 15:58:47.580937+00:00,MX,,,,,19.36487,-99.13421,,cafe calaverita,4,MX/cafe calaverita/2023-05-12 09:58:47.334321-06:00_frame.jpg
272,2024-04-30 16:10:40.524922+00:00,MX,,,,,19.36487,-99.13421,,cafe calaverita,4,MX/cafe calaverita/2023-05-12 10:10:40.235342-06:00_frame.jpg
273,2024-04-30 16:22:22.912027+00:00,MX,,,,,19.36487,-99.13421,,cafe calaverita,5,MX/cafe calaverita/2023-05-12 10:22:22.620317-06:00_frame.jpg
274,2024-04-30 16:34:32.007427+00:00,MX,,,,,19.36487,-99.13421,,cafe calaverita,2,MX/cafe calaverita/2023-05-12 10:34:31.711538-06:00_frame.jpg
275,2024-04-30 16:45:59.780651+00:00,MX,,,,,19.36487,-99.13421,,cafe calaverita,2,MX/cafe calaverita/2023-05-12 10:45:59.531603-06:00_frame.jpg
276,2024-04-30 16:58:00.656232+00:00,MX,,,,,19.36487,-99.13421,,cafe calaverita,1,MX/cafe calaverita/2023-05-12 10:58:00.369290-06:00_frame.jpg
277,2024-04-30 17:09:41.175899+00:00,MX,,,,,19.36487,-99.13421,,cafe calaverita,1,MX/cafe calaverita/2023-05-12 11:09:40.901002-06:00_frame.jpg
278,2024-04-30 17:21:22.387773+00:00,MX,,,,,19.36487,-99.13421,,cafe calaverita,1,MX/cafe calaverita/2023-05-12 11:21:22.056132-06:00_frame.jpg
279,2024-04-30 17:33:07.187704+00:00,MX,,,,,19.36487,-99.13421,,cafe calaverita,3,MX/cafe calaverita/2023-05-12 11:33:06.866165-06:00_frame.jpg
280,2024-04-30 17:44:46.753986+00:00,MX,,,,,19.36487,-99.13421,,cafe calaverita,1,MX/cafe calaverita/2023-05-12 11:44:46.753986-06:00_frame.jpg
281,2024-04-30 17:56:20.818544+00:00,MX,,,,,19.36487,-99.13421,,cafe calaverita,0,MX/cafe calaverita/2023-05-12 11:56:20.487797-06:00_frame.jpg
282,2024-04-30 18:08:28.929433+00:00,MX,,,,,19.36487,-99.13421,,cafe calaverita,5,MX/cafe calaverita/2023-05-12 12:08:28.598700-06:00_frame.jpg
283,2024-04-30 18:20:36.129834+00:00,MX,,,,,19.36487,-99.13421,,cafe calaverita,3,MX/cafe calaverita/2023-05-12 12:20:35.800920-06:00_frame.jpg
284,2024-04-30 18:32:16.708058+00:00,MX,,,,,19.36487,-99.13421,,cafe calaverita,3,MX/cafe calaverita/2023-05-12 12:32:16.397146-06:00_frame.jpg
285,2024-04-30 18:44:19.409644+00:00,MX,,,,,19.36487,-99.13421,,cafe calaverita,4,MX/cafe calaverita/2023-05-12 12:44:19.094640-06:00_frame.jpg
286,2024-04-30 18:56:21.839084+00:00,MX,,,,,19.36487,-99.13421,,cafe calaverita,3,MX/cafe calaverita/2023-05-12 12:56:21.544282-06:00_frame.jpg
287,2024-04-30 19:08:00.063664+00:00,MX,,,,,19.36487,-99.13421,,cafe calaverita,4,MX/cafe calaverita/2023-05-12 13:07:59.737420-06:00_frame.jpg
288,2024-04-30 19:20:04.434289+00:00,MX,,,,,19.36487,-99.13421,,cafe calaverita,4,MX/cafe calaverita/2023-05-12 13:20:04.101902-06:00_frame.jpg
289,2024-04-30 19:31:20.737752+00:00,MX,,,,,19.36487,-99.13421,,cafe calaverita,6,MX/cafe calaverita/2023-05-12 13:31:20.476904-06:00_frame.jpg
290,2024-04-30 19:42:56.917610+00:00,MX,,,,,19.36487,-99.13421,,cafe calaverita,4,MX/cafe calaverita/2023-05-12 13:42:56.619321-06:00_frame.jpg
291,2024-04-30 19:54:57.597934+00:00,MX,,,,,19.36487,-99.13421,,cafe calaverita,1,MX/cafe calaverita/2023-05-12 13:54:57.305751-06:00_frame.jpg
292,2024-04-30 20:07:02.828350+00:00,MX,,,,,19.36487,-99.13421,,cafe calaverita,3,MX/cafe calaverita/2023-05-12 14:07:02.516894-06:00_frame.jpg
293,2024-04-30 20:19:13.824022+00:00,MX,,,,,19.36487,-99.13421,,cafe calaverita,4,MX/cafe calaverita/2023-05-12 14:19:13.511490-06:00_frame.jpg
294,2024-04-30 20:31:06.397069+00:00,MX,,,,,19.36487,-99.13421,,cafe calaverita,4,MX/cafe calaverita/2023-05-12 14:31:06.091262-06:00_frame.jpg
295,2024-04-30 20:42:49.576033+00:00,MX,,,,,19.36487,-99.13421,,cafe calaverita,3,MX/cafe calaverita/2023-05-12 14:42:49.240089-06:00_frame.jpg
296,2024-04-30 20:54:30.003053+00:00,MX,,,,,19.36487,-99.13421,,cafe calaverita,4,MX/cafe calaverita/2023-05-12 14:54:29.657277-06:00_frame.jpg
297,2024-04-30 21:06:36.886291+00:00,MX,,,,,19.36487,-99.13421,,cafe calaverita,8,MX/cafe calaverita/2023-05-12 15:06:36.610410-06:00_frame.jpg
298,2024-04-30 21:18:47.123578+00:00,MX,,,,,19.36487,-99.13421,,cafe calaverita,8,MX/cafe calaverita/2023-05-12 15:18:46.791633-06:00_frame.jpg
299,2024-04-30 21:30:47.191130+00:00,MX,,,,,19.36487,-99.13421,,cafe calaverita,2,MX/cafe calaverita/2023-05-12 15:30:47.191130-06:00_frame.jpg
300,2024-04-30 21:41:50.967323+00:00,MX,,,,,19.36487,-99.13421,,cafe calaverita,8,MX/cafe calaverita/2023-05-12 15:41:50.633316-06:00_frame.jpg
301,2024-04-30 21:54:09.229912+00:00,MX,,,,,19.36487,-99.13421,,cafe calaverita,5,MX/cafe calaverita/2023-05-12 15:54:08.816715-06:00_frame.jpg
302,2024-04-30 22:06:16.558949+00:00,MX,,,,,19.36487,-99.13421,,cafe calaverita,6,MX/cafe calaverita/2023-05-12 16:06:16.216536-06:00_frame.jpg
303,2024-04-30 22:18:29.371966+00:00,MX,,,,,19.36487,-99.13421,,cafe calaverita,6,MX/cafe calaverita/2023-05-12 16:18:29.109501-06:00_frame.jpg
304,2024-04-30 22:30:38.940094+00:00,MX,,,,,19.36487,-99.13421,,cafe calaverita,7,MX/cafe calaverita/2023-05-12 16:30:38.598914-06:00_frame.jpg
305,2024-04-30 22:42:20.500442+00:00,MX,,,,,19.36487,-99.13421,,cafe calaverita,4,MX/cafe calaverita/2023-05-12 16:42:20.226244-06:00_frame.jpg
306,2024-04-30 22:54:29.282943+00:00,MX,,,,,19.36487,-99.13421,,cafe calaverita,6,MX/cafe calaverita/2023-05-12 16:54:28.980779-06:00_frame.jpg
307,2024-04-30 23:06:37.607595+00:00,MX,,,,,19.36487,-99.13421,,cafe calaverita,7,MX/cafe calaverita/2023-05-12 17:06:37.340479-06:00_frame.jpg
308,2024-04-30 23:18:47.849892+00:00,MX,,,,,19.36487,-99.13421,,cafe calaverita,3,MX/cafe calaverita/2023-05-12 17:18:47.564123-06:00_frame.jpg
309,2024-04-30 23:31:04.995737+00:00,MX,,,,,19.36487,-99.13421,,cafe calaverita,8,MX/cafe calaverita/2023-05-12 17:31:04.348674-06:00_frame.jpg
310,2024-04-30 23:43:14.006253+00:00,MX,,,,,19.36487,-99.13421,,cafe calaverita,7,MX/cafe calaverita/2023-05-12 17:43:13.715834-06:00_frame.jpg
311,2024-04-30 23:54:42.244718+00:00,MX,,,,,19.36487,-99.13421,,cafe calaverita,7,MX/cafe calaverita/2023-05-12 17:54:41.934288-06:00_frame.jpg
312,2024-05-01 00:06:51.774482+00:00,MX,,,,,19.36487,-99.13421,,cafe calaverita,3,MX/cafe calaverita/2023-05-12 18:06:51.459463-06:00_frame.jpg
313,2024-05-01 00:18:32.567828+00:00,MX,,,,,19.36487,-99.13421,,cafe calaverita,7,MX/cafe calaverita/2023-05-12 18:18:32.274576-06:00_frame.jpg
314,2024-05-01 00:30:49.377146+00:00,MX,,,,,19.36487,-99.13421,,cafe calaverita,7,MX/cafe calaverita/2023-05-12 18:30:49.113458-06:00_frame.jpg
315,2024-05-01 00:42:32.566707+00:00,MX,,,,,19.36487,-99.13421,,cafe calaverita,5,MX/cafe calaverita/2023-05-12 18:42:32.278218-06:00_frame.jpg
316,2024-05-01 00:53:52.257481+00:00,MX,,,,,19.36487,-99.13421,,cafe calaverita,5,MX/cafe calaverita/2023-05-12 18:53:51.965221-06:00_frame.jpg
317,2024-05-01 01:06:01.358162+00:00,MX,,,,,19.36487,-99.13421,,cafe calaverita,5,MX/cafe calaverita/2023-05-12 19:06:01.038014-06:00_frame.jpg
318,2024-05-01 01:18:06.033230+00:00,MX,,,,,19.36487,-99.13421,,cafe calaverita,3,MX/cafe calaverita/2023-05-12 19:18:05.740107-06:00_frame.jpg
319,2024-05-01 01:29:49.271600+00:00,MX,,,,,19.36487,-99.13421,,cafe calaverita,5,MX/cafe calaverita/2023-05-12 19:29:48.985623-06:00_frame.jpg
320,2024-05-01 01:40:46.133318+00:00,MX,,,,,19.36487,-99.13421,,cafe calaverita,6,MX/cafe calaverita/2023-05-12 19:40:45.758040-06:00_frame.jpg
321,2024-05-01 01:52:29.323972+00:00,MX,,,,,19.36487,-99.13421,,cafe calaverita,5,MX/cafe calaverita/2023-05-12 19:52:29.037332-06:00_frame.jpg
322,2024-05-01 02:04:06.745636+00:00,MX,,,,,19.36487,-99.13421,,cafe calaverita,5,MX/cafe calaverita/2023-05-12 20:04:06.459158-06:00_frame.jpg
323,2024-05-01 02:16:12.573909+00:00,MX,,,,,19.36487,-99.13421,,cafe calaverita,5,MX/cafe calaverita/2023-05-12 20:16:12.239476-06:00_frame.jpg
324,2024-05-01 02:28:16.488262+00:00,MX,,,,,19.36487,-99.13421,,cafe calaverita,4,MX/cafe calaverita/2023-05-12 20:28:16.162335-06:00_frame.jpg
325,2024-05-01 02:39:35.999294+00:00,MX,,,,,19.36487,-99.13421,,cafe calaverita,5,MX/cafe calaverita/2023-05-12 20:39:35.737705-06:00_frame.jpg
326,2024-05-01 02:51:39.919190+00:00,MX,,,,,19.36487,-99.13421,,cafe calaverita,9,MX/cafe calaverita/2023-05-12 20:51:39.608353-06:00_frame.jpg
327,2024-05-01 03:03:55.837347+00:00,MX,,,,,19.36487,-99.13421,,cafe calaverita,6,MX/cafe calaverita/2023-05-12 21:03:55.545474-06:00_frame.jpg
328,2024-05-01 03:16:00.322883+00:00,MX,,,,,19.36487,-99.13421,,cafe calaverita,8,MX/cafe calaverita/2023-05-12 21:15:59.994258-06:00_frame.jpg
329,2024-05-01 03:28:05.749344+00:00,MX,,,,,19.36487,-99.13421,,cafe calaverita,9,MX/cafe calaverita/2023-05-12 21:28:05.477694-06:00_frame.jpg
330,2024-05-01 03:40:11.442243+00:00,MX,,,,,19.36487,-99.13421,,cafe calaverita,5,MX/cafe calaverita/2023-05-12 21:40:11.156847-06:00_frame.jpg
331,2024-05-01 03:52:17.943044+00:00,MX,,,,,19.36487,-99.13421,,cafe calaverita,4,MX/cafe calaverita/2023-05-12 21:52:17.677550-06:00_frame.jpg
332,2024-05-01 03:59:58.383944+00:00,MX,,,,,19.36487,-99.13421,,cafe calaverita,0,MX/cafe calaverita/2023-05-12 21:59:58.383944-06:00_frame.jpg
333,2024-05-01 04:05:57.684463+00:00,MX,,,,,19.36487,-99.13421,,cafe calaverita,0,MX/cafe calaverita/2023-05-12 22:05:57.684463-06:00_frame.jpg
334,2024-05-01 04:11:56.809980+00:00,MX,,,,,19.36487,-99.13421,,cafe calaverita,0,MX/cafe calaverita/2023-05-12 22:11:56.809980-06:00_frame.jpg
335,2024-05-01 14:14:24.883592+00:00,MX,,,,,19.36487,-99.13421,,cafe calaverita,2,MX/cafe calaverita/2023-05-13 08:14:24.575610-06:00_frame.jpg
336,2024-05-01 14:25:40.515974+00:00,MX,,,,,19.36487,-99.13421,,cafe calaverita,1,MX/cafe calaverita/2023-05-13 08:25:40.187463-06:00_frame.jpg
337,2024-05-01 14:37:45.710869+00:00,MX,,,,,19.36487,-99.13421,,cafe calaverita,1,MX/cafe calaverita/2023-05-13 08:37:45.434356-06:00_frame.jpg
338,2024-05-01 14:49:48.105418+00:00,MX,,,,,19.36487,-99.13421,,cafe calaverita,4,MX/cafe calaverita/2023-05-13 08:49:47.805551-06:00_frame.jpg
339,2024-05-01 15:01:59.272707+00:00,MX,,,,,19.36487,-99.13421,,cafe calaverita,2,MX/cafe calaverita/2023-05-13 09:01:58.949494-06:00_frame.jpg
340,2024-05-01 15:13:36.368626+00:00,MX,,,,,19.36487,-99.13421,,cafe calaverita,4,MX/cafe calaverita/2023-05-13 09:13:36.039812-06:00_frame.jpg
341,2024-05-01 15:25:49.937982+00:00,MX,,,,,19.36487,-99.13421,,cafe calaverita,3,MX/cafe calaverita/2023-05-13 09:25:49.651893-06:00_frame.jpg
342,2024-05-01 15:37:52.696300+00:00,MX,,,,,19.36487,-99.13421,,cafe calaverita,4,MX/cafe calaverita/2023-05-13 09:37:52.377712-06:00_frame.jpg
343,2024-05-01 15:49:07.734042+00:00,MX,,,,,19.36487,-99.13421,,cafe calaverita,5,MX/cafe calaverita/2023-05-13 09:49:07.429685-06:00_frame.jpg
344,2024-05-01 16:01:13.713213+00:00,MX,,,,,19.36487,-99.13421,,cafe calaverita,5,MX/cafe calaverita/2023-05-13 10:01:13.337383-06:00_frame.jpg
345,2024-05-01 16:13:18.972509+00:00,MX,,,,,19.36487,-99.13421,,cafe calaverita,5,MX/cafe calaverita/2023-05-13 10:13:18.682356-06:00_frame.jpg
346,2024-05-01 16:25:20.524074+00:00,MX,,,,,19.36487,-99.13421,,cafe calaverita,7,MX/cafe calaverita/2023-05-13 10:25:20.199326-06:00_frame.jpg
347,2024-05-01 16:37:23.330262+00:00,MX,,,,,19.36487,-99.13421,,cafe calaverita,3,MX/cafe calaverita/2023-05-13 10:37:23.030381-06:00_frame.jpg
348,2024-05-01 16:49:29.563914+00:00,MX,,,,,19.36487,-99.13421,,cafe calaverita,2,MX/cafe calaverita/2023-05-13 10:49:29.285870-06:00_frame.jpg
349,2024-05-01 17:00:48.047084+00:00,MX,,,,,19.36487,-99.13421,,cafe calaverita,2,MX/cafe calaverita/2023-05-13 11:00:48.047084-06:00_frame.jpg
350,2024-05-01 17:13:11.360165+00:00,MX,,,,,19.36487,-99.13421,,cafe calaverita,3,MX/cafe calaverita/2023-05-13 11:13:10.957629-06:00_frame.jpg
351,2024-05-01 17:25:17.087236+00:00,MX,,,,,19.36487,-99.13421,,cafe calaverita,1,MX/cafe calaverita/2023-05-13 11:25:16.805928-06:00_frame.jpg
352,2024-05-01 17:37:23.198494+00:00,MX,,,,,19.36487,-99.13421,,cafe calaverita,2,MX/cafe calaverita/2023-05-13 11:37:22.925057-06:00_frame.jpg
353,2024-05-01 17:49:29.388502+00:00,MX,,,,,19.36487,-99.13421,,cafe calaverita,1,MX/cafe calaverita/2023-05-13 11:49:29.131407-06:00_frame.jpg
354,2024-05-01 18:00:48.642308+00:00,MX,,,,,19.36487,-99.13421,,cafe calaverita,2,MX/cafe calaverita/2023-05-13 12:00:48.642308-06:00_frame.jpg
355,2024-05-01 18:12:23.373308+00:00,MX,,,,,19.36487,-99.13421,,cafe calaverita,1,MX/cafe calaverita/2023-05-13 12:12:23.097880-06:00_frame.jpg
356,2024-05-01 18:24:28.576668+00:00,MX,,,,,19.36487,-99.13421,,cafe calaverita,4,MX/cafe calaverita/2023-05-13 12:24:28.232943-06:00_frame.jpg
357,2024-05-01 18:36:06.251789+00:00,MX,,,,,19.36487,-99.13421,,cafe calaverita,4,MX/cafe calaverita/2023-05-13 12:36:05.883843-06:00_frame.jpg
358,2024-05-01 18:47:44.817069+00:00,MX,,,,,19.36487,-99.13421,,cafe calaverita,5,MX/cafe calaverita/2023-05-13 12:47:44.524732-06:00_frame.jpg
359,2024-05-01 18:59:48.860839+00:00,MX,,,,,19.36487,-99.13421,,cafe calaverita,2,MX/cafe calaverita/2023-05-13 12:59:48.596280-06:00_frame.jpg
360,2024-05-01 19:11:17.832329+00:00,MX,,,,,19.36487,-99.13421,,cafe calaverita,3,MX/cafe calaverita/2023-05-13 13:11:17.562922-06:00_frame.jpg
361,2024-05-01 19:23:24.555076+00:00,MX,,,,,19.36487,-99.13421,,cafe calaverita,1,MX/cafe calaverita/2023-05-13 13:23:24.284969-06:00_frame.jpg
362,2024-05-01 19:35:05.032874+00:00,MX,,,,,19.36487,-99.13421,,cafe calaverita,2,MX/cafe calaverita/2023-05-13 13:35:04.690873-06:00_frame.jpg
363,2024-05-01 19:47:08.505679+00:00,MX,,,,,19.36487,-99.13421,,cafe calaverita,1,MX/cafe calaverita/2023-05-13 13:47:08.194127-06:00_frame.jpg
364,2024-05-01 19:58:49.865064+00:00,MX,,,,,19.36487,-99.13421,,cafe calaverita,4,MX/cafe calaverita/2023-05-13 13:58:49.547149-06:00_frame.jpg
365,2024-05-01 20:10:32.386771+00:00,MX,,,,,19.36487,-99.13421,,cafe calaverita,4,MX/cafe calaverita/2023-05-13 14:10:32.105859-06:00_frame.jpg
366,2024-05-01 20:22:36.077960+00:00,MX,,,,,19.36487,-99.13421,,cafe calaverita,6,MX/cafe calaverita/2023-05-13 14:22:35.799777-06:00_frame.jpg
367,2024-05-01 20:34:43.521341+00:00,MX,,,,,19.36487,-99.13421,,cafe calaverita,3,MX/cafe calaverita/2023-05-13 14:34:43.238934-06:00_frame.jpg
368,2024-05-01 20:46:49.487405+00:00,MX,,,,,19.36487,-99.13421,,cafe calaverita,2,MX/cafe calaverita/2023-05-13 14:46:49.143345-06:00_frame.jpg
369,2024-05-01 20:58:59.430695+00:00,MX,,,,,19.36487,-99.13421,,cafe calaverita,8,MX/cafe calaverita/2023-05-13 14:58:59.116963-06:00_frame.jpg
370,2024-05-01 21:11:18.232093+00:00,MX,,,,,19.36487,-99.13421,,cafe calaverita,2,MX/cafe calaverita/2023-05-13 15:11:17.913401-06:00_frame.jpg
371,2024-05-01 21:23:23.757346+00:00,MX,,,,,19.36487,-99.13421,,cafe calaverita,1,MX/cafe calaverita/2023-05-13 15:23:23.424104-06:00_frame.jpg
372,2024-05-01 21:35:29.229471+00:00,MX,,,,,19.36487,-99.13421,,cafe calaverita,3,MX/cafe calaverita/2023-05-13 15:35:28.911184-06:00_frame.jpg
373,2024-05-01 21:47:09.436935+00:00,MX,,,,,19.36487,-99.13421,,cafe calaverita,2,MX/cafe calaverita/2023-05-13 15:47:09.165824-06:00_frame.jpg
374,2024-05-01 21:58:49.368644+00:00,MX,,,,,19.36487,-99.13421,,cafe calaverita,4,MX/cafe calaverita/2023-05-13 15:58:49.070439-06:00_frame.jpg
375,2024-05-01 22:10:06.463776+00:00,MX,,,,,19.36487,-99.13421,,cafe calaverita,5,MX/cafe calaverita/2023-05-13 16:10:06.158096-06:00_frame.jpg
376,2024-05-01 22:22:10.358091+00:00,MX,,,,,19.36487,-99.13421,,cafe calaverita,3,MX/cafe calaverita/2023-05-13 16:22:10.077667-06:00_frame.jpg
377,2024-05-01 22:34:15.768986+00:00,MX,,,,,19.36487,-99.13421,,cafe calaverita,3,MX/cafe calaverita/2023-05-13 16:34:15.526131-06:00_frame.jpg
378,2024-05-01 22:46:17.061975+00:00,MX,,,,,19.36487,-99.13421,,cafe calaverita,2,MX/cafe calaverita/2023-05-13 16:46:16.790834-06:00_frame.jpg
379,2024-05-01 22:57:55.478762+00:00,MX,,,,,19.36487,-99.13421,,cafe calaverita,3,MX/cafe calaverita/2023-05-13 16:57:55.181979-06:00_frame.jpg
380,2024-05-01 23:10:00.407431+00:00,MX,,,,,19.36487,-99.13421,,cafe calaverita,2,MX/cafe calaverita/2023-05-13 17:10:00.079476-06:00_frame.jpg
381,2024-05-01 23:21:44.474700+00:00,MX,,,,,19.36487,-99.13421,,cafe calaverita,3,MX/cafe calaverita/2023-05-13 17:21:44.145574-06:00_frame.jpg
382,2024-05-01 23:33:47.905138+00:00,MX,,,,,19.36487,-99.13421,,cafe calaverita,5,MX/cafe calaverita/2023-05-13 17:33:47.604194-06:00_frame.jpg
383,2024-05-01 23:45:51.631471+00:00,MX,,,,,19.36487,-99.13421,,cafe calaverita,3,MX/cafe calaverita/2023-05-13 17:45:51.328750-06:00_frame.jpg
384,2024-05-01 23:57:54.944907+00:00,MX,,,,,19.36487,-99.13421,,cafe calaverita,5,MX/cafe calaverita/2023-05-13 17:57:54.654696-06:00_frame.jpg
385,2024-05-02 00:09:37.474127+00:00,MX,,,,,19.36487,-99.13421,,cafe calaverita,5,MX/cafe calaverita/2023-05-13 18:09:37.192218-06:00_frame.jpg
386,2024-05-02 00:20:54.185629+00:00,MX,,,,,19.36487,-99.13421,,cafe calaverita,6,MX/cafe calaverita/2023-05-13 18:20:53.858168-06:00_frame.jpg
387,2024-05-02 00:32:10.799983+00:00,MX,,,,,19.36487,-99.13421,,cafe calaverita,2,MX/cafe calaverita/2023-05-13 18:32:10.531761-06:00_frame.jpg
388,2024-05-02 00:43:52.287114+00:00,MX,,,,,19.36487,-99.13421,,cafe calaverita,3,MX/cafe calaverita/2023-05-13 18:43:51.986343-06:00_frame.jpg
389,2024-05-02 00:55:55.790135+00:00,MX,,,,,19.36487,-99.13421,,cafe calaverita,3,MX/cafe calaverita/2023-05-13 18:55:55.536736-06:00_frame.jpg
390,2024-05-02 01:08:03.433674+00:00,MX,,,,,19.36487,-99.13421,,cafe calaverita,5,MX/cafe calaverita/2023-05-13 19:08:03.127938-06:00_frame.jpg
391,2024-05-02 01:20:08.598464+00:00,MX,,,,,19.36487,-99.13421,,cafe calaverita,4,MX/cafe calaverita/2023-05-13 19:20:08.329558-06:00_frame.jpg
392,2024-05-02 01:31:50.277066+00:00,MX,,,,,19.36487,-99.13421,,cafe calaverita,5,MX/cafe calaverita/2023-05-13 19:31:50.001255-06:00_frame.jpg
393,2024-05-02 01:42:48.579874+00:00,MX,,,,,19.36487,-99.13421,,cafe calaverita,4,MX/cafe calaverita/2023-05-13 19:42:48.579874-06:00_frame.jpg
394,2024-05-02 01:54:28.223422+00:00,MX,,,,,19.36487,-99.13421,,cafe calaverita,4,MX/cafe calaverita/2023-05-13 19:54:27.954464-06:00_frame.jpg
395,2024-05-02 02:06:05.469042+00:00,MX,,,,,19.36487,-99.13421,,cafe calaverita,7,MX/cafe calaverita/2023-05-13 20:06:05.135332-06:00_frame.jpg
396,2024-05-02 02:18:08.226788+00:00,MX,,,,,19.36487,-99.13421,,cafe calaverita,5,MX/cafe calaverita/2023-05-13 20:18:07.940705-06:00_frame.jpg
397,2024-05-02 02:30:10.526256+00:00,MX,,,,,19.36487,-99.13421,,cafe calaverita,2,MX/cafe calaverita/2023-05-13 20:30:10.255748-06:00_frame.jpg
398,2024-05-02 02:41:50.702113+00:00,MX,,,,,19.36487,-99.13421,,cafe calaverita,4,MX/cafe calaverita/2023-05-13 20:41:50.442481-06:00_frame.jpg
399,2024-05-02 02:53:54.127576+00:00,MX,,,,,19.36487,-99.13421,,cafe calaverita,8,MX/cafe calaverita/2023-05-13 20:53:53.817965-06:00_frame.jpg
400,2024-05-02 03:05:58.033538+00:00,MX,,,,,19.36487,-99.13421,,cafe calaverita,3,MX/cafe calaverita/2023-05-13 21:05:57.790521-06:00_frame.jpg
401,2024-05-02 03:18:01.512703+00:00,MX,,,,,19.36487,-99.13421,,cafe calaverita,3,MX/cafe calaverita/2023-05-13 21:18:01.227401-06:00_frame.jpg
402,2024-05-02 03:30:08.692948+00:00,MX,,,,,19.36487,-99.13421,,cafe calaverita,4,MX/cafe calaverita/2023-05-13 21:30:08.445078-06:00_frame.jpg
403,2024-05-02 03:41:48.728634+00:00,MX,,,,,19.36487,-99.13421,,cafe calaverita,5,MX/cafe calaverita/2023-05-13 21:41:48.445710-06:00_frame.jpg
404,2024-05-02 03:50:22.596640+00:00,MX,,,,,19.36487,-99.13421,,cafe calaverita,2,MX/cafe calaverita/2023-05-13 21:50:22.596640-06:00_frame.jpg
405,2024-05-02 03:56:23.450107+00:00,MX,,,,,19.36487,-99.13421,,cafe calaverita,2,MX/cafe calaverita/2023-05-13 21:56:23.450107-06:00_frame.jpg
406,2024-05-02 04:02:23.412457+00:00,MX,,,,,19.36487,-99.13421,,cafe calaverita,0,MX/cafe calaverita/2023-05-13 22:02:23.412457-06:00_frame.jpg
407,2024-05-02 14:39:12.445007+00:00,MX,,,,,19.36487,-99.13421,,cafe calaverita,1,MX/cafe calaverita/2023-05-14 08:39:12.445007-06:00_frame.jpg
408,2024-05-02 14:50:49.236340+00:00,MX,,,,,19.36487,-99.13421,,cafe calaverita,3,MX/cafe calaverita/2023-05-14 08:50:48.918575-06:00_frame.jpg
409,2024-05-02 15:02:50.625582+00:00,MX,,,,,19.36487,-99.13421,,cafe calaverita,2,MX/cafe calaverita/2023-05-14 09:02:50.299860-06:00_frame.jpg
410,2024-05-02 15:14:54.855267+00:00,MX,,,,,19.36487,-99.13421,,cafe calaverita,3,MX/cafe calaverita/2023-05-14 09:14:54.562942-06:00_frame.jpg
411,2024-05-02 15:26:54.833994+00:00,MX,,,,,19.36487,-99.13421,,cafe calaverita,4,MX/cafe calaverita/2023-05-14 09:26:54.526128-06:00_frame.jpg
412,2024-05-02 15:38:07.357730+00:00,MX,,,,,19.36487,-99.13421,,cafe calaverita,2,MX/cafe calaverita/2023-05-14 09:38:07.104545-06:00_frame.jpg
413,2024-05-02 15:50:07.400453+00:00,MX,,,,,19.36487,-99.13421,,cafe calaverita,2,MX/cafe calaverita/2023-05-14 09:50:07.110990-06:00_frame.jpg
414,2024-05-02 16:02:09.230308+00:00,MX,,,,,19.36487,-99.13421,,cafe calaverita,1,MX/cafe calaverita/2023-05-14 10:02:08.943276-06:00_frame.jpg
415,2024-05-02 16:14:13.829909+00:00,MX,,,,,19.36487,-99.13421,,cafe calaverita,4,MX/cafe calaverita/2023-05-14 10:14:13.522558-06:00_frame.jpg
416,2024-05-02 16:25:50.934950+00:00,MX,,,,,19.36487,-99.13421,,cafe calaverita,3,MX/cafe calaverita/2023-05-14 10:25:50.672122-06:00_frame.jpg
417,2024-05-02 16:37:53.998726+00:00,MX,,,,,19.36487,-99.13421,,cafe calaverita,4,MX/cafe calaverita/2023-05-14 10:37:53.725627-06:00_frame.jpg
418,2024-05-02 16:49:55.070740+00:00,MX,,,,,19.36487,-99.13421,,cafe calaverita,3,MX/cafe calaverita/2023-05-14 10:49:54.779303-06:00_frame.jpg
419,2024-05-02 17:01:38.516867+00:00,MX,,,,,19.36487,-99.13421,,cafe calaverita,3,MX/cafe calaverita/2023-05-14 11:01:38.229449-06:00_frame.jpg
420,2024-05-02 17:13:40.039848+00:00,MX,,,,,19.36487,-99.13421,,cafe calaverita,3,MX/cafe calaverita/2023-05-14 11:13:39.778439-06:00_frame.jpg
421,2024-05-02 17:24:55.677538+00:00,MX,,,,,19.36487,-99.13421,,cafe calaverita,2,MX/cafe calaverita/2023-05-14 11:24:55.421717-06:00_frame.jpg
422,2024-05-02 17:36:58.193332+00:00,MX,,,,,19.36487,-99.13421,,cafe calaverita,4,MX/cafe calaverita/2023-05-14 11:36:57.918273-06:00_frame.jpg
423,2024-05-02 17:49:02.019389+00:00,MX,,,,,19.36487,-99.13421,,cafe calaverita,3,MX/cafe calaverita/2023-05-14 11:49:01.740782-06:00_frame.jpg
424,2024-05-02 18:16:55.057626+00:00,MX,,,,,19.36487,-99.13421,,cafe calaverita,3,MX/cafe calaverita/2023-05-14 12:16:55.057626-06:00_frame.jpg
425,2024-05-03 00:28:45.023966+00:00,MX,,,,,19.36487,-99.13421,,cafe calaverita,3,MX/cafe calaverita/2023-05-14 18:28:44.734198-06:00_frame.jpg
426,2024-05-03 00:40:53.742376+00:00,MX,,,,,19.36487,-99.13421,,cafe calaverita,3,MX/cafe calaverita/2023-05-14 18:40:53.392790-06:00_frame.jpg
427,2024-05-03 00:53:01.534330+00:00,MX,,,,,19.36487,-99.13421,,cafe calaverita,6,MX/cafe calaverita/2023-05-14 18:53:01.218037-06:00_frame.jpg
428,2024-05-03 01:05:04.539825+00:00,MX,,,,,19.36487,-99.13421,,cafe calaverita,8,MX/cafe calaverita/2023-05-14 19:05:04.539825-06:00_frame.jpg
429,2024-05-03 01:17:09.232668+00:00,MX,,,,,19.36487,-99.13421,,cafe calaverita,10,MX/cafe calaverita/2023-05-14 19:17:08.921080-06:00_frame.jpg
430,2024-05-03 01:28:49.490430+00:00,MX,,,,,19.36487,-99.13421,,cafe calaverita,6,MX/cafe calaverita/2023-05-14 19:28:49.235452-06:00_frame.jpg
431,2024-05-03 01:40:28.780099+00:00,MX,,,,,19.36487,-99.13421,,cafe calaverita,6,MX/cafe calaverita/2023-05-14 19:40:28.512783-06:00_frame.jpg
432,2024-05-03 01:51:38.905582+00:00,MX,,,,,19.36487,-99.13421,,cafe calaverita,8,MX/cafe calaverita/2023-05-14 19:51:38.905582-06:00_frame.jpg
433,2024-05-03 02:03:24.228758+00:00,MX,,,,,19.36487,-99.13421,,cafe calaverita,9,MX/cafe calaverita/2023-05-14 20:03:23.904874-06:00_frame.jpg
434,2024-05-03 02:15:27.268247+00:00,MX,,,,,19.36487,-99.13421,,cafe calaverita,7,MX/cafe calaverita/2023-05-14 20:15:26.988042-06:00_frame.jpg
435,2024-05-03 02:27:09.106588+00:00,MX,,,,,19.36487,-99.13421,,cafe calaverita,2,MX/cafe calaverita/2023-05-14 20:27:08.822142-06:00_frame.jpg
436,2024-05-03 02:38:48.604981+00:00,MX,,,,,19.36487,-99.13421,,cafe calaverita,2,MX/cafe calaverita/2023-05-14 20:38:48.320836-06:00_frame.jpg
437,2024-05-03 02:50:52.825083+00:00,MX,,,,,19.36487,-99.13421,,cafe calaverita,3,MX/cafe calaverita/2023-05-14 20:50:52.509418-06:00_frame.jpg
438,2024-05-03 14:04:10.107198+00:00,MX,,,,,19.36487,-99.13421,,cafe calaverita,2,MX/cafe calaverita/2023-05-15 08:04:10.107198-06:00_frame.jpg
439,2024-05-03 14:12:25.580272+00:00,MX,,,,,19.36487,-99.13421,,cafe calaverita,4,MX/cafe calaverita/2023-05-15 08:12:25.282460-06:00_frame.jpg
440,2024-05-03 14:23:43.717774+00:00,MX,,,,,19.36487,-99.13421,,cafe calaverita,3,MX/cafe calaverita/2023-05-15 08:23:43.434148-06:00_frame.jpg
441,2024-05-03 14:35:02.799126+00:00,MX,,,,,19.36487,-99.13421,,cafe calaverita,3,MX/cafe calaverita/2023-05-15 08:35:02.461686-06:00_frame.jpg
442,2024-05-03 14:46:46.396831+00:00,MX,,,,,19.36487,-99.13421,,cafe calaverita,1,MX/cafe calaverita/2023-05-15 08:46:46.075984-06:00_frame.jpg
443,2024-05-03 14:58:28.477217+00:00,MX,,,,,19.36487,-99.13421,,cafe calaverita,4,MX/cafe calaverita/2023-05-15 08:58:28.213509-06:00_frame.jpg
444,2024-05-03 15:09:52.469610+00:00,MX,,,,,19.36487,-99.13421,,cafe calaverita,4,MX/cafe calaverita/2023-05-15 09:09:52.144230-06:00_frame.jpg
445,2024-05-03 15:21:49.352239+00:00,MX,,,,,19.36487,-99.13421,,cafe calaverita,5,MX/cafe calaverita/2023-05-15 09:21:49.033010-06:00_frame.jpg
446,2024-05-03 15:33:09.371489+00:00,MX,,,,,19.36487,-99.13421,,cafe calaverita,4,MX/cafe calaverita/2023-05-15 09:33:09.092903-06:00_frame.jpg
447,2024-05-03 15:45:19.917659+00:00,MX,,,,,19.36487,-99.13421,,cafe calaverita,3,MX/cafe calaverita/2023-05-15 09:45:19.630754-06:00_frame.jpg
448,2024-05-03 15:56:58.422895+00:00,MX,,,,,19.36487,-99.13421,,cafe calaverita,3,MX/cafe calaverita/2023-05-15 09:56:58.139921-06:00_frame.jpg
449,2024-05-03 16:08:43.494537+00:00,MX,,,,,19.36487,-99.13421,,cafe calaverita,1,MX/cafe calaverita/2023-05-15 10:08:43.175173-06:00_frame.jpg
450,2024-05-03 16:20:30.232972+00:00,MX,,,,,19.36487,-99.13421,,cafe calaverita,3,MX/cafe calaverita/2023-05-15 10:20:29.954405-06:00_frame.jpg
451,2024-05-03 16:32:39.703857+00:00,MX,,,,,19.36487,-99.13421,,cafe calaverita,2,MX/cafe calaverita/2023-05-15 10:32:39.431690-06:00_frame.jpg
452,2024-05-03 16:44:13.629565+00:00,MX,,,,,19.36487,-99.13421,,cafe calaverita,3,MX/cafe calaverita/2023-05-15 10:44:13.365926-06:00_frame.jpg
453,2024-05-03 16:55:58.308348+00:00,MX,,,,,19.36487,-99.13421,,cafe calaverita,4,MX/cafe calaverita/2023-05-15 10:55:58.021612-06:00_frame.jpg
454,2024-05-03 17:07:44.893642+00:00,MX,,,,,19.36487,-99.13421,,cafe calaverita,5,MX/cafe calaverita/2023-05-15 11:07:44.549799-06:00_frame.jpg
455,2024-05-03 17:20:20.512667+00:00,MX,,,,,19.36487,-99.13421,,cafe calaverita,3,MX/cafe calaverita/2023-05-15 11:20:20.159913-06:00_frame.jpg
456,2024-05-03 17:32:12.752551+00:00,MX,,,,,19.36487,-99.13421,,cafe calaverita,5,MX/cafe calaverita/2023-05-15 11:32:12.453599-06:00_frame.jpg
457,2024-05-03 17:44:20.029828+00:00,MX,,,,,19.36487,-99.13421,,cafe calaverita,2,MX/cafe calaverita/2023-05-15 11:44:19.690437-06:00_frame.jpg
458,2024-05-03 17:56:03.564419+00:00,MX,,,,,19.36487,-99.13421,,cafe calaverita,4,MX/cafe calaverita/2023-05-15 11:56:03.279168-06:00_frame.jpg
459,2024-05-03 18:08:13.302784+00:00,MX,,,,,19.36487,-99.13421,,cafe calaverita,2,MX/cafe calaverita/2023-05-15 12:08:13.014571-06:00_frame.jpg
460,2024-05-03 18:19:36.157188+00:00,MX,,,,,19.36487,-99.13421,,cafe calaverita,5,MX/cafe calaverita/2023-05-15 12:19:35.880037-06:00_frame.jpg
461,2024-05-03 18:31:20.739213+00:00,MX,,,,,19.36487,-99.13421,,cafe calaverita,3,MX/cafe calaverita/2023-05-15 12:31:20.404678-06:00_frame.jpg
462,2024-05-03 18:43:13.455173+00:00,MX,,,,,19.36487,-99.13421,,cafe calaverita,6,MX/cafe calaverita/2023-05-15 12:43:13.130162-06:00_frame.jpg
463,2024-05-03 18:55:29.247110+00:00,MX,,,,,19.36487,-99.13421,,cafe calaverita,5,MX/cafe calaverita/2023-05-15 12:55:28.931885-06:00_frame.jpg
464,2024-05-03 19:06:53.437801+00:00,MX,,,,,19.36487,-99.13421,,cafe calaverita,6,MX/cafe calaverita/2023-05-15 13:06:53.053268-06:00_frame.jpg
465,2024-05-03 19:19:00.052675+00:00,MX,,,,,19.36487,-99.13421,,cafe calaverita,6,MX/cafe calaverita/2023-05-15 13:18:59.765595-06:00_frame.jpg
466,2024-05-03 19:29:56.134869+00:00,MX,,,,,19.36487,-99.13421,,cafe calaverita,6,MX/cafe calaverita/2023-05-15 13:29:55.843816-06:00_frame.jpg
467,2024-05-03 19:41:17.010567+00:00,MX,,,,,19.36487,-99.13421,,cafe calaverita,7,MX/cafe calaverita/2023-05-15 13:41:16.731194-06:00_frame.jpg
468,2024-05-03 19:54:15.098892+00:00,MX,,,,,19.36487,-99.13421,,cafe calaverita,6,MX/cafe calaverita/2023-05-15 13:54:14.785932-06:00_frame.jpg
469,2024-05-03 20:05:34.743695+00:00,MX,,,,,19.36487,-99.13421,,cafe calaverita,7,MX/cafe calaverita/2023-05-15 14:05:34.403866-06:00_frame.jpg
470,2024-05-03 20:17:16.386677+00:00,MX,,,,,19.36487,-99.13421,,cafe calaverita,4,MX/cafe calaverita/2023-05-15 14:17:16.071024-06:00_frame.jpg
471,2024-05-03 20:29:24.140733+00:00,MX,,,,,19.36487,-99.13421,,cafe calaverita,6,MX/cafe calaverita/2023-05-15 14:29:23.860241-06:00_frame.jpg
472,2024-05-03 20:41:09.058785+00:00,MX,,,,,19.36487,-99.13421,,cafe calaverita,5,MX/cafe calaverita/2023-05-15 14:41:08.749204-06:00_frame.jpg
473,2024-05-03 20:52:51.633495+00:00,MX,,,,,19.36487,-99.13421,,cafe calaverita,4,MX/cafe calaverita/2023-05-15 14:52:51.324891-06:00_frame.jpg
474,2024-05-03 21:05:06.080689+00:00,MX,,,,,19.36487,-99.13421,,cafe calaverita,8,MX/cafe calaverita/2023-05-15 15:05:05.746516-06:00_frame.jpg
475,2024-05-03 21:17:13.329723+00:00,MX,,,,,19.36487,-99.13421,,cafe calaverita,5,MX/cafe calaverita/2023-05-15 15:17:13.028173-06:00_frame.jpg
476,2024-05-03 21:28:40.152025+00:00,MX,,,,,19.36487,-99.13421,,cafe calaverita,3,MX/cafe calaverita/2023-05-15 15:28:39.861464-06:00_frame.jpg
477,2024-05-03 21:40:01.787818+00:00,MX,,,,,19.36487,-99.13421,,cafe calaverita,3,MX/cafe calaverita/2023-05-15 15:40:01.490437-06:00_frame.jpg
478,2024-05-03 21:51:24.134824+00:00,MX,,,,,19.36487,-99.13421,,cafe calaverita,3,MX/cafe calaverita/2023-05-15 15:51:23.850651-06:00_frame.jpg
479,2024-05-03 22:02:21.849733+00:00,MX,,,,,19.36487,-99.13421,,cafe calaverita,2,MX/cafe calaverita/2023-05-15 16:02:21.554658-06:00_frame.jpg
480,2024-05-03 22:13:50.008564+00:00,MX,,,,,19.36487,-99.13421,,cafe calaverita,3,MX/cafe calaverita/2023-05-15 16:13:49.587519-06:00_frame.jpg
481,2024-05-03 22:25:56.057221+00:00,MX,,,,,19.36487,-99.13421,,cafe calaverita,4,MX/cafe calaverita/2023-05-15 16:25:55.789803-06:00_frame.jpg
482,2024-05-03 22:37:43.255710+00:00,MX,,,,,19.36487,-99.13421,,cafe calaverita,2,MX/cafe calaverita/2023-05-15 16:37:42.901322-06:00_frame.jpg
483,2024-05-03 22:50:01.679387+00:00,MX,,,,,19.36487,-99.13421,,cafe calaverita,5,MX/cafe calaverita/2023-05-15 16:50:01.369072-06:00_frame.jpg
484,2024-05-03 23:01:53.451104+00:00,MX,,,,,19.36487,-99.13421,,cafe calaverita,6,MX/cafe calaverita/2023-05-15 17:01:53.133410-06:00_frame.jpg
485,2024-05-03 23:12:10.432229+00:00,MX,,,,,19.36487,-99.13421,,cafe calaverita,2,MX/cafe calaverita/2023-05-15 17:12:10.090629-06:00_frame.jpg
486,2024-05-03 23:23:13.118226+00:00,MX,,,,,19.36487,-99.13421,,cafe calaverita,3,MX/cafe calaverita/2023-05-15 17:23:12.828678-06:00_frame.jpg
487,2024-05-03 23:34:57.502551+00:00,MX,,,,,19.36487,-99.13421,,cafe calaverita,3,MX/cafe calaverita/2023-05-15 17:34:57.185334-06:00_frame.jpg
488,2024-05-03 23:47:07.579038+00:00,MX,,,,,19.36487,-99.13421,,cafe calaverita,3,MX/cafe calaverita/2023-05-15 17:47:07.288462-06:00_frame.jpg
489,2024-05-03 23:58:49.847392+00:00,MX,,,,,19.36487,-99.13421,,cafe calaverita,5,MX/cafe calaverita/2023-05-15 17:58:49.577758-06:00_frame.jpg
490,2024-05-04 00:10:14.385216+00:00,MX,,,,,19.36487,-99.13421,,cafe calaverita,3,MX/cafe calaverita/2023-05-15 18:10:14.085648-06:00_frame.jpg
491,2024-05-04 00:21:35.765717+00:00,MX,,,,,19.36487,-99.13421,,cafe calaverita,3,MX/cafe calaverita/2023-05-15 18:21:35.447315-06:00_frame.jpg
492,2024-05-04 00:33:22.880263+00:00,MX,,,,,19.36487,-99.13421,,cafe calaverita,1,MX/cafe calaverita/2023-05-15 18:33:22.514777-06:00_frame.jpg
493,2024-05-04 00:44:40.914745+00:00,MX,,,,,19.36487,-99.13421,,cafe calaverita,3,MX/cafe calaverita/2023-05-15 18:44:40.615042-06:00_frame.jpg
494,2024-05-04 00:56:49.441609+00:00,MX,,,,,19.36487,-99.13421,,cafe calaverita,3,MX/cafe calaverita/2023-05-15 18:56:49.160726-06:00_frame.jpg
495,2024-05-04 01:08:31.679527+00:00,MX,,,,,19.36487,-99.13421,,cafe calaverita,3,MX/cafe calaverita/2023-05-15 19:08:31.349272-06:00_frame.jpg
496,2024-05-04 01:19:29.105972+00:00,MX,,,,,19.36487,-99.13421,,cafe calaverita,5,MX/cafe calaverita/2023-05-15 19:19:28.807216-06:00_frame.jpg
497,2024-05-04 01:31:40.404717+00:00,MX,,,,,19.36487,-99.13421,,cafe calaverita,4,MX/cafe calaverita/2023-05-15 19:31:40.094900-06:00_frame.jpg
498,2024-05-04 01:43:11.120046+00:00,MX,,,,,19.36487,-99.13421,,cafe calaverita,8,MX/cafe calaverita/2023-05-15 19:43:10.824018-06:00_frame.jpg
499,2024-05-04 01:55:33.122344+00:00,MX,,,,,19.36487,-99.13421,,cafe calaverita,7,MX/cafe calaverita/2023-05-15 19:55:32.791107-06:00_frame.jpg
500,2024-05-04 02:08:13.163078+00:00,MX,,,,,19.36487,-99.13421,,cafe calaverita,10,MX/cafe calaverita/2023-05-15 20:08:12.859533-06:00_frame.jpg
501,2024-05-04 02:20:32.465535+00:00,MX,,,,,19.36487,-99.13421,,cafe calaverita,9,MX/cafe calaverita/2023-05-15 20:20:32.162457-06:00_frame.jpg
502,2024-05-04 02:32:32.604425+00:00,MX,,,,,19.36487,-99.13421,,cafe calaverita,10,MX/cafe calaverita/2023-05-15 20:32:32.239324-06:00_frame.jpg
503,2024-05-04 02:44:03.770433+00:00,MX,,,,,19.36487,-99.13421,,cafe calaverita,10,MX/cafe calaverita/2023-05-15 20:44:03.770433-06:00_frame.jpg
504,2024-05-04 02:55:03.835853+00:00,MX,,,,,19.36487,-99.13421,,cafe calaverita,10,MX/cafe calaverita/2023-05-15 20:55:03.835853-06:00_frame.jpg
505,2024-05-04 03:07:43.713837+00:00,MX,,,,,19.36487,-99.13421,,cafe calaverita,7,MX/cafe calaverita/2023-05-15 21:07:43.394785-06:00_frame.jpg
506,2024-05-04 03:19:25.896982+00:00,MX,,,,,19.36487,-99.13421,,cafe calaverita,5,MX/cafe calaverita/2023-05-15 21:19:25.533198-06:00_frame.jpg
507,2024-05-04 03:30:54.332875+00:00,MX,,,,,19.36487,-99.13421,,cafe calaverita,5,MX/cafe calaverita/2023-05-15 21:30:54.001336-06:00_frame.jpg
508,2024-05-04 03:41:58.526179+00:00,MX,,,,,19.36487,-99.13421,,cafe calaverita,2,MX/cafe calaverita/2023-05-15 21:41:58.210810-06:00_frame.jpg
509,2024-05-04 03:52:00.219909+00:00,MX,,,,,19.36487,-99.13421,,cafe calaverita,0,MX/cafe calaverita/2023-05-15 21:52:00.219909-06:00_frame.jpg
510,2024-05-04 14:15:53.424072+00:00,MX,,,,,19.36487,-99.13421,,cafe calaverita,0,MX/cafe calaverita/2023-05-16 08:15:53.424072-06:00_frame.jpg
511,2024-05-04 14:26:12.292294+00:00,MX,,,,,19.36487,-99.13421,,cafe calaverita,1,MX/cafe calaverita/2023-05-16 08:26:11.986253-06:00_frame.jpg
512,2024-05-04 14:37:58.969408+00:00,MX,,,,,19.36487,-99.13421,,cafe calaverita,4,MX/cafe calaverita/2023-05-16 08:37:58.685316-06:00_frame.jpg
513,2024-05-04 14:49:45.067045+00:00,MX,,,,,19.36487,-99.13421,,cafe calaverita,3,MX/cafe calaverita/2023-05-16 08:49:44.736853-06:00_frame.jpg
514,2024-05-04 15:01:06.919417+00:00,MX,,,,,19.36487,-99.13421,,cafe calaverita,4,MX/cafe calaverita/2023-05-16 09:01:06.603857-06:00_frame.jpg
515,2024-05-04 15:12:27.731991+00:00,MX,,,,,19.36487,-99.13421,,cafe calaverita,4,MX/cafe calaverita/2023-05-16 09:12:27.416126-06:00_frame.jpg
516,2024-05-04 15:23:39.678962+00:00,MX,,,,,19.36487,-99.13421,,cafe calaverita,4,MX/cafe calaverita/2023-05-16 09:23:39.342130-06:00_frame.jpg
517,2024-05-04 15:35:24.686666+00:00,MX,,,,,19.36487,-99.13421,,cafe calaverita,5,MX/cafe calaverita/2023-05-16 09:35:24.303707-06:00_frame.jpg
518,2024-05-04 15:47:58.723443+00:00,MX,,,,,19.36487,-99.13421,,cafe calaverita,5,MX/cafe calaverita/2023-05-16 09:47:58.430907-06:00_frame.jpg
519,2024-05-04 15:58:42.032968+00:00,MX,,,,,19.36487,-99.13421,,cafe calaverita,2,MX/cafe calaverita/2023-05-16 09:58:41.725349-06:00_frame.jpg
520,2024-05-04 16:10:27.014020+00:00,MX,,,,,19.36487,-99.13421,,cafe calaverita,1,MX/cafe calaverita/2023-05-16 10:10:26.673984-06:00_frame.jpg
521,2024-05-04 16:22:52.073444+00:00,MX,,,,,19.36487,-99.13421,,cafe calaverita,1,MX/cafe calaverita/2023-05-16 10:22:51.719171-06:00_frame.jpg
522,2024-05-04 16:35:04.576497+00:00,MX,,,,,19.36487,-99.13421,,cafe calaverita,0,MX/cafe calaverita/2023-05-16 10:35:04.238849-06:00_frame.jpg
523,2024-05-04 16:46:48.660010+00:00,MX,,,,,19.36487,-99.13421,,cafe calaverita,2,MX/cafe calaverita/2023-05-16 10:46:48.391476-06:00_frame.jpg
524,2024-05-04 16:58:10.852710+00:00,MX,,,,,19.36487,-99.13421,,cafe calaverita,0,MX/cafe calaverita/2023-05-16 10:58:10.534455-06:00_frame.jpg
